location,total_cases,total_deaths,population,cases_per_million,deaths_per_million,case_fatality_rate
Afghanistan,226816.0,7952.0,41128772.0,5514.776857427205,193.34396854834372,3.505925507900677
Albania,334090.0,3604.0,2842318.0,117541.3869946994,1267.9791634855776,1.0787512346972374
Algeria,271945.0,6881.0,44903228.0,6056.246112194874,153.24065343364623,2.530291051499384
American Samoa,8359.0,34.0,44295.0,188712.04424878655,767.5809910825149,0.40674721856681423
Andorra,48015.0,159.0,79843.0,601367.6840800069,1991.4081384717506,0.331146516713527
Angola,105972.0,1936.0,35588996.0,2977.6619716948467,54.39883721361513,1.8268976710829277
Anguilla,3904.0,12.0,15877.0,245890.28153933364,755.8102916168042,0.3073770491803279
Antigua and Barbuda,9106.0,146.0,93772.0,97107.87868446871,1556.967964850915,1.6033384581594552
Argentina,10054576.0,130472.0,45510324.0,220929.56314703453,2866.865988473297,1.2976380107923
Armenia,450334.0,8762.0,2780472.0,161963.14870281017,3151.263526480396,1.9456669938312452
Aruba,44224.0,292.0,106459.0,415408.74890803033,2742.8399665598963,0.66027496382055
Australia,11618144.0,23188.0,26177410.0,443823.28121842456,885.8019185244071,0.1995843742339568
Austria,6081287.0,22534.0,8939617.0,680262.5884308019,2520.6896447577114,0.37054656358103144
Azerbaijan,833550.0,10337.0,10358078.0,80473.42373749262,997.9650664920655,1.2401175694319477
Bahamas,38084.0,844.0,409989.0,92890.2970567503,2058.591815877987,2.2161537653607817
Bahrain,696614.0,1536.0,1472237.0,473167.02405930567,1043.3102822439594,0.22049513790994724
Bangladesh,2045843.0,29477.0,171186368.0,11950.969133243132,172.1924493426953,1.4408241492626757
Barbados,110074.0,620.0,281646.0,390823.9421117289,2201.344950753783,0.5632574449915512
Belarus,994037.0,7118.0,9534956.0,104251.87069557532,746.5162922618625,0.7160699249625517
Belgium,4817196.0,34339.0,11655923.0,413283.1007891867,2946.0558378774467,0.7128420765939355
Belize,71060.0,688.0,405285.0,175333.40735531785,1697.5708452076933,0.96819589079651
Benin,28036.0,163.0,13352864.0,2099.6244700762322,12.207119012071118,0.5813953488372093
Bermuda,18860.0,165.0,64207.0,293737.4429579329,2569.813260236423,0.8748674443266171
Bhutan,62697.0,21.0,782457.0,80128.36488139284,26.83853553613809,0.03349442557060146
Bolivia,1209081.0,22404.0,12224114.0,98909.49969871026,1832.770865847619,1.8529775920719953
Bonaire Sint Eustatius and Saba,11922.0,41.0,27052.0,440706.7869288777,1515.599585982552,0.3439020298607616
Bosnia and Herzegovina,403203.0,16357.0,3233530.0,124694.37425970998,5058.55829387697,4.056765450653889
Botswana,330298.0,2800.0,2630300.0,125574.26909478006,1064.5173554347414,0.8477193322393717
Brazil,37721749.0,704659.0,215313504.0,175194.53401306403,3272.7115898870884,1.868044347572537
British Virgin Islands,7305.0,64.0,31332.0,233148.21907315205,2042.640112345206,0.8761122518822724
Brunei,311905.0,163.0,449002.0,694662.8300096659,363.0273361811306,0.052259502091983136
Bulgaria,1302188.0,38414.0,6781955.0,192007.76177370685,5664.148464565159,2.9499580705704553
Burkina Faso,22056.0,396.0,22673764.0,972.7542370115523,17.465119598139946,1.7954298150163224
Burundi,54366.0,15.0,12889583.0,4217.82457974009,1.1637304325516193,0.027590773645293016
Cambodia,138941.0,3056.0,16767851.0,8286.154260316365,182.2535278969261,2.1994947495699613
Cameroon,125090.0,1974.0,27914542.0,4481.1768718970925,70.7158297635691,1.578063794068271
Canada,4716205.0,53297.0,38454328.0,122644.32237640454,1385.981832786156,1.1300823437488405
Cape Verde,64401.0,415.0,593162.0,108572.3630306729,699.6402331909327,0.6443999316780795
Cayman Islands,31472.0,37.0,68722.0,457961.0605046419,538.4010942638456,0.1175648195221149
Central African Republic,15367.0,113.0,5579148.0,2754.3632110135813,20.253988601843865,0.7353419665517017
Chad,7698.0,194.0,17723312.0,434.34319725342533,10.946035368558652,2.5201351000259806
Chile,5288843.0,64497.0,19603736.0,269787.50376968965,3290.036144130894,1.219491673320611
China,99315684.0,121742.0,1425887360.0,69651.84402784803,85.37981569596073,0.12258084030312875
Colombia,6382432.0,142942.0,51874028.0,123037.13912480442,2755.560065626675,2.239616497285047
Comoros,9109.0,161.0,836783.0,10885.737401452945,192.40352636227075,1.7674827094082777
Congo,25196.0,389.0,5970430.0,4220.131548313941,65.1544361126418,1.5438958564851564
Cook Islands,7168.0,2.0,17032.0,420854.8614372945,117.42602160638798,0.027901785714285712
Costa Rica,1238884.0,9428.0,5180836.0,239128.2024754306,1819.7835252843363,0.7610074873838067
Cote d'Ivoire,88338.0,835.0,28160548.0,3136.941795308813,29.65141161315469,0.9452330820258552
Croatia,1275762.0,18374.0,4030361.0,316537.8982180504,4558.8968333109615,1.4402372856379166
Cuba,1115103.0,8530.0,11212198.0,99454.45130383891,760.7785734786346,0.7649517578196813
Curacao,45883.0,305.0,191173.0,240007.7416790028,1595.413578277267,0.6647342152867075
Cyprus,660854.0,1364.0,896007.0,737554.505712567,1522.3095355281823,0.20639959809579728
Czechia,4657581.0,42884.0,10493990.0,443833.1845179955,4086.5295278535623,0.9207354633231284
Democratic Republic of Congo,99181.0,1468.0,99010216.0,1001.7249129120171,14.826752827203205,1.4801222008247548
Denmark,3417017.0,8824.0,5882259.0,580902.1670076071,1500.103956660188,0.25823693590052377
Djibouti,15690.0,189.0,1120851.0,13998.292368923256,168.6218774841616,1.2045889101338432
Dominica,15798.0,74.0,72758.0,217130.76225294813,1017.070287803403,0.46841372325610836
Dominican Republic,667074.0,4384.0,11228821.0,59407.30553991376,390.42389223231896,0.6571984517459832
Ecuador,1069139.0,36043.0,18001002.0,59393.30488380591,2002.2774287786867,3.371217400169669
Egypt,516023.0,24830.0,110990096.0,4649.2706880801325,223.71365459491088,4.8118010243729445
El Salvador,201808.0,4230.0,6336393.0,31849.03461638191,667.5722291846481,2.0960516926980097
Equatorial Guinea,17130.0,183.0,1674916.0,10227.378567044556,109.259210611159,1.0683012259194395
Eritrea,10189.0,103.0,3684041.0,2765.712976592823,27.95842934429883,1.0108941014819903
Estonia,602187.0,2902.0,1326064.0,454116.090927738,2188.431327598065,0.4819101043363606
Eswatini,75052.0,1427.0,1201680.0,62455.895080221024,1187.5041608414886,1.9013483984437456
Ethiopia,501060.0,7574.0,123379928.0,4061.1143815872542,61.38761890021527,1.5115954177144455
Faeroe Islands,34658.0,28.0,53117.0,652484.1387879587,527.1382043413596,0.08078942812626233
Falkland Islands,1923.0,0.0,3801.0,505919.49486977106,0.0,0.0
Fiji,69047.0,885.0,929769.0,74262.5318761972,951.8493303175304,1.2817356293539184
Finland,1487090.0,10321.0,5540745.0,268391.70544755267,1862.74589427956,0.69404003792642
France,38997490.0,167985.0,67813000.0,575073.9533717723,2477.1798917611663,0.4307584924055368
French Guiana,98041.0,413.0,304568.0,321901.8412965249,1356.0190170996295,0.42125233320753563
French Polynesia,78642.0,649.0,306292.0,256754.99196844842,2118.8930824180848,0.8252587675796649
Gabon,48992.0,307.0,2388997.0,20507.350992906227,128.50581227184463,0.6266329196603527
Gambia,12626.0,372.0,2705995.0,4665.936189830358,137.47253782804478,2.946301283066688
Georgia,1855289.0,17132.0,3744385.0,495485.64049904054,4575.384208621709,0.9234140880477381
Germany,38437756.0,174979.0,83369840.0,461051.0947364179,2098.828545190923,0.4552268868141002
Ghana,171653.0,1462.0,33475870.0,5127.663597689918,43.673248820717724,0.8517182921358788
Gibraltar,20550.0,113.0,32677.0,628882.700370291,3458.089787924228,0.5498783454987834
Greece,5405742.0,37572.0,10384972.0,520535.05777386785,3617.920202384754,0.6950387199389094
Greenland,11971.0,21.0,56494.0,211898.60870180905,371.72089071405816,0.1754239411912121
Grenada,19693.0,238.0,125459.0,156967.61491802102,1897.0340908185144,1.2085512618696999
Guadeloupe,203235.0,1021.0,395762.0,513528.3326847954,2579.8333341755906,0.5023740989494919
Guam,52032.0,417.0,171783.0,302893.7671364454,2427.481182654861,0.801429889298893
Guatemala,1271070.0,20235.0,17843914.0,71232.69031670966,1134.0000854072712,1.591965824069485
Guernsey,35326.0,67.0,63329.0,557817.1138025234,1057.9671240663833,0.18966200532185926
Guinea,38563.0,468.0,13859349.0,2782.4539233408436,33.76781983049853,1.2135985270855485
Guinea-Bissau,9614.0,177.0,2105580.0,4565.962822595199,84.0623486165332,1.841065113376326
Guyana,73388.0,1299.0,808727.0,90745.08455881898,1606.2280596542466,1.7700441489071783
Haiti,34368.0,860.0,11585003.0,2966.593966354605,74.23390395324024,2.502327746741155
Honduras,474587.0,11127.0,10432858.0,45489.644352487114,1066.534213347867,2.344564853230282
Hungary,2207969.0,48815.0,9967304.0,221521.18566866225,4897.512908204666,2.2108553154505337
Iceland,209142.0,186.0,372903.0,560848.263489433,498.78922937064067,0.0889347907163554
India,44999588.0,532037.0,1417173120.0,31753.06345070954,375.42131761573347,1.1823152691975758
Indonesia,6813429.0,161918.0,275501344.0,24731.019098041135,587.7212707898805,2.376453911826189
Iran,7619981.0,146480.0,88550568.0,86052.31081069971,1654.1960521359954,1.9223145044587382
Iraq,2465545.0,25375.0,44496124.0,55410.33192014657,570.2743906413061,1.029184216876999
Ireland,1722546.0,9251.0,5023108.0,342924.3408662525,1841.6884526472454,0.5370538725816321
Isle of Man,38008.0,116.0,84534.0,449617.90522156766,1372.2289256393876,0.3051989054935803
Israel,4840714.0,12697.0,9449000.0,512299.0792676474,1343.7400783151656,0.2622960166620048
Italy,26168412.0,192013.0,59037472.0,443250.88987550145,3252.391972339195,0.7337587011393737
Jamaica,156414.0,3610.0,2827382.0,55321.141607324374,1276.7995269121752,2.3079775467669132
Japan,33803572.0,74694.0,123951696.0,272715.6875691318,602.6057118250322,0.2209648140143296
Jersey,66391.0,161.0,110796.0,599218.3833351384,1453.121051301491,0.24250274886656326
Jordan,1746997.0,14122.0,11285875.0,154794.99817249438,1251.298636570049,0.8083585718807761
Kazakhstan,1502857.0,19072.0,19397998.0,77474.8507552171,983.1942450968395,1.2690495502898813
Kenya,343999.0,5689.0,54027484.0,6367.111228055706,105.29825893798794,1.6537838772787128
Kiribati,5085.0,24.0,131237.0,38746.69491073401,182.87525621585374,0.471976401179941
Kosovo,274247.0,3211.0,1782115.0,153888.49765587517,1801.791691333051,1.1708423428515171
Kuwait,666432.0,2570.0,4268886.0,156113.7964330741,602.030600020708,0.3856357437818112
Kyrgyzstan,88889.0,1024.0,6630621.0,13405.833329939986,154.43500691715,1.1519985600018001
Laos,218876.0,671.0,7529477.0,29069.216892488017,89.11641538980729,0.30656627496847527
Latvia,976316.0,7384.0,1850654.0,527551.8816591323,3989.9408533415753,0.7563125053773574
Lebanon,1239904.0,10947.0,5489744.0,225858.2549568796,1994.0820555566888,0.8828909334916252
Lesotho,35836.0,709.0,2305826.0,15541.502264264518,307.4820042795944,1.9784574171224467
Liberia,8090.0,294.0,5302690.0,1525.6407596898932,55.443557892315035,3.634116192830655
Libya,507269.0,6437.0,6812344.0,74463.20972634382,944.902371342375,1.2689519761704342
Liechtenstein,21497.0,87.0,39355.0,546233.0072417737,2210.6466776775505,0.40470763362329626
Lithuania,1333228.0,9718.0,2750058.0,484799.95694636257,3533.743651952068,0.7289075836991122
Luxembourg,384378.0,1000.0,647601.0,593541.3935432466,1544.1606791836332,0.2601605711044857
Madagascar,68350.0,1425.0,29611718.0,2308.207852040196,48.122841099594424,2.0848573518653986
Malawi,88986.0,2686.0,20405318.0,4360.921991022144,131.63235191923988,3.0184523408176567
Malaysia,5130847.0,37195.0,33938216.0,151181.98905917743,1095.9621448575847,0.7249290419301141
Maldives,186694.0,316.0,523798.0,356423.65950232727,603.2859995647177,0.16926092964958703
Mali,33158.0,743.0,22593598.0,1467.583870439759,32.88542179072142,2.2407865371855964
Malta,120422.0,882.0,533293.0,225808.3267547108,1653.875074302494,0.732424307850725
Marshall Islands,16138.0,17.0,41593.0,387997.9804293992,408.72262159497996,0.10534143016482836
Martinique,230354.0,1104.0,367512.0,626793.138727443,3003.9835433945013,0.4792623527266729
Mauritania,63774.0,997.0,4736146.0,13465.378812224117,210.50871320267578,1.5633330197259072
Mauritius,309917.0,1054.0,1299478.0,238493.4566033438,811.0949165741937,0.3400910566377449
Mayotte,42027.0,187.0,326113.0,128872.50738241037,573.4208694532264,0.44495205463154636
Mexico,7692397.0,334699.0,127504120.0,60330.57598452505,2625.005372375418,4.351036484466415
Micronesia (country),26547.0,65.0,114178.0,232505.38632661282,569.2865525758027,0.24484875880513807
Moldova,625153.0,12128.0,3272993.0,191003.46380209184,3705.4769136383734,1.9400050867547627
Monaco,17049.0,67.0,36491.0,467211.09314625524,1836.0691677399907,0.39298492580209987
Mongolia,1011170.0,2284.0,3398373.0,297545.32536599133,672.0863189532167,0.22587695441913824
Montenegro,251280.0,2654.0,627082.0,400713.1443734631,4232.301357717172,1.0561922954473097
Montserrat,1403.0,8.0,4413.0,317924.31452526624,1812.8257421255382,0.5702066999287242
Morocco,1277082.0,16297.0,37457976.0,34093.72679399442,435.0742282498125,1.276112262172672
Mozambique,233654.0,2249.0,32969520.0,7086.970025647932,68.21452056323538,0.962534345656398
Myanmar,641324.0,19494.0,54179312.0,11837.06430233001,359.8052334071721,3.039649225664407
Namibia,172121.0,4100.0,2567024.0,67050.79500620173,1597.1802367254843,2.382045189140198
Nauru,5393.0,1.0,12691.0,424946.81270191475,78.79599716334411,0.018542555164101613
Nepal,1003447.0,12031.0,30547586.0,32848.65128131565,393.84454143119524,1.1989671601987948
Netherlands,8618815.0,22986.0,17564020.0,490708.5621628762,1308.6981226393502,0.26669559562422446
New Caledonia,80064.0,314.0,289959.0,276121.79652985424,1082.9117220020762,0.3921862509992006
New Zealand,2390777.0,3376.0,5185289.0,461069.19016471406,651.0726788805792,0.14120932232491779
Nicaragua,16050.0,245.0,6948395.0,2309.885952079581,35.25994132457927,1.5264797507788161
Niger,9515.0,315.0,26207982.0,363.05733115964443,12.019239024202626,3.310562270099842
Nigeria,267146.0,3155.0,218541216.0,1222.4055713133764,14.436636062279437,1.1810021486378235
Niue,887.0,0.0,1952.0,454405.737704918,0.0,0.0
North Macedonia,349104.0,9946.0,2093606.0,166747.7070661815,4750.655089830655,2.8490077455428757
Northern Mariana Islands,14299.0,41.0,49574.0,288437.48739258485,827.0464356315811,0.28673333799566403
Norway,1489459.0,5732.0,5434324.0,274083.58426917496,1054.7770063028997,0.38483771624462304
Oman,399449.0,4628.0,4576300.0,87286.4541223259,1011.2973362760308,1.1585959659430867
Pakistan,1580631.0,30656.0,235824864.0,6702.562966388481,129.99477442717827,1.9394786006348097
Palau,6243.0,9.0,18084.0,345222.295952223,497.6775049767751,0.14416146083613646
Palestine,703228.0,5708.0,5250076.0,133946.25144474098,1087.222356400174,0.8116855415313383
Panama,1047587.0,8654.0,4408582.0,237624.47880066652,1962.9894601030442,0.8260889071742968
Papua New Guinea,46864.0,670.0,10142625.0,4620.500117080144,66.05784991557906,1.4296688289518606
Paraguay,735897.0,19978.0,6780745.0,108527.45531648808,2946.283926028777,2.714782095863959
Peru,4520727.0,221704.0,34049588.0,132768.91925975727,6511.209474840048,4.90416696252616
Philippines,4173631.0,66702.0,115559008.0,36116.88151563225,577.2116008472486,1.5981767434639047
Pitcairn,4.0,0.0,47.0,85106.3829787234,0.0,0.0
Poland,6525385.0,119655.0,39857144.0,163719.33222310158,3002.096688111923,1.8336849090130316
Portugal,5621015.0,27424.0,10270857.0,547278.0898419674,2670.0790401424147,0.4878834160734316
Puerto Rico,1252713.0,5938.0,3252412.0,385164.30267752055,1825.7219565048954,0.47401120607832764
Qatar,514524.0,690.0,2695131.0,190908.71649652653,256.01723997831647,0.1341045315670406
Reunion,494595.0,921.0,974062.0,507765.419449686,945.5250281809576,0.18621296212052285
Romania,3478091.0,68409.0,19659270.0,176918.6241401639,3479.732462090403,1.9668548062716014
Russia,23061960.0,400102.0,144713312.0,159363.08609950135,2764.7905674358417,1.734900242650668
Rwanda,133194.0,1468.0,13776702.0,9668.061340079796,106.55670711321186,1.1021517485772632
Saint Barthelemy,5507.0,5.0,10994.0,500909.58704748045,454.79352374022193,0.09079353550027239
Saint Helena,2166.0,0.0,5401.0,401036.8450286984,0.0,0.0
Saint Kitts and Nevis,6607.0,46.0,47681.0,138566.7246911768,964.7448669281265,0.6962312698652944
Saint Lucia,30147.0,410.0,179872.0,167602.51734566802,2279.398683508273,1.3600026536637144
Saint Martin (French part),12324.0,46.0,31816.0,387352.2755846115,1445.8134272064372,0.3732554365465758
Saint Pierre and Miquelon,3426.0,2.0,5885.0,582158.0288870009,339.8470688190314,0.05837711617046118
Saint Vincent and the Grenadines,9644.0,124.0,103959.0,92767.3409709597,1192.7779220654295,1.2857735379510575
Samoa,16778.0,31.0,222390.0,75444.03974998876,139.39475695849634,0.18476576469185838
San Marino,24697.0,126.0,33690.0,733066.1917482932,3739.9821905609974,0.5101834230878244
Sao Tome and Principe,6599.0,80.0,227393.0,29020.242487675525,351.81382012638915,1.2123048946810122
Saudi Arabia,841469.0,9646.0,36408824.0,23111.677542784684,264.9357749099504,1.1463286229201552
Senegal,89022.0,1971.0,17316452.0,5140.891448201975,113.82239271647563,2.2140594459796454
Serbia,2560024.0,18057.0,6871547.0,372554.2443353731,2627.7925480244844,0.7053449498910948
Seychelles,50937.0,172.0,107135.0,475446.8661035143,1605.4510664115369,0.3376720262284783
Sierra Leone,7766.0,126.0,8605723.0,902.4227249703482,14.641419436809667,1.6224568632500644
Singapore,2626395.0,1872.0,5637022.0,465918.88412001944,332.09024197528413,0.07127640739492727
Sint Maarten (Dutch part),11051.0,92.0,44192.0,250067.8855901521,2081.8247646632876,0.8325038458058095
Slovakia,1867647.0,21167.0,5643455.0,330940.3548003838,3750.716538007302,1.1333512167984636
Slovenia,1345384.0,9448.0,2119843.0,634662.0952589413,4456.933838968263,0.7022530370511318
Solomon Islands,21611.0,153.0,724272.0,29838.23756820642,211.24660348598317,0.7079727916338902
Somalia,27334.0,1361.0,17597508.0,1553.2881132942232,77.3404961657071,4.979146850076828
South Africa,4072533.0,102595.0,59893884.0,67995.807384941,1712.946183286427,2.5191938285091857
South Korea,34571873.0,35934.0,51815808.0,667207.0615978815,693.4949272623521,0.10393998612687255
South Sudan,18368.0,138.0,10913172.0,1683.1036842450574,12.645269404715696,0.7513066202090593
Spain,13980340.0,121852.0,47558632.0,293960.0954039217,2562.142662135446,0.8715953975368267
Sri Lanka,672593.0,16882.0,21832150.0,30807.455976621633,773.2632837352254,2.5099874664172837
Sudan,63993.0,5046.0,46874200.0,1365.2072995379121,107.64983722388862,7.885237447845858
Suriname,82588.0,1408.0,618046.0,133627.59406257787,2278.1475812479976,1.7048481619605753
Sweden,2718433.0,24902.0,10549349.0,257687.27530011564,2360.52480584347,0.9160424406266404
Switzerland,4415674.0,14065.0,8740471.0,505198.63288831915,1609.1810155310852,0.31852442005456016
Syria,57423.0,3163.0,22125242.0,2595.3614428262526,142.95888831408035,5.508245824843703
Tajikistan,17786.0,125.0,9952789.0,1787.036779338937,12.559293681399254,0.7027999550208028
Tanzania,43078.0,846.0,65497752.0,657.7019620459646,12.916473835621106,1.9638794744417105
Thailand,4757728.0,34482.0,71697024.0,66358.79335800603,480.9404641397668,0.724757699473362
Timor,23460.0,138.0,1341298.0,17490.520376530792,102.8854139795929,0.5882352941176471
Togo,39524.0,290.0,8848700.0,4466.644817882853,32.77317572072734,0.7337314037040785
Tokelau,80.0,0.0,1893.0,42260.96143687269,0.0,0.0
Tonga,16839.0,12.0,106867.0,157569.68942704482,112.28910702087643,0.07126313914127917
Trinidad and Tobago,191496.0,4390.0,1531043.0,125075.52041320852,2867.3263912248053,2.2924760830513433
Tunisia,1153361.0,29423.0,12356116.0,93343.32892310173,2381.2499008588134,2.551065971538833
Turkey,17004677.0,101419.0,85341248.0,199255.07768529467,1188.3936827359262,0.59641826775069
Turks and Caicos Islands,6630.0,39.0,45726.0,144994.09526308885,852.9064427240519,0.5882352941176471
Tuvalu,2943.0,1.0,11335.0,259638.28848698724,88.2223202470225,0.03397893306150187
Uganda,171871.0,3632.0,47249588.0,3637.5131990568893,76.8683951275935,2.113212816589186
Ukraine,5520483.0,109918.0,39701744.0,139048.8790618367,2768.5937423806877,1.9910938952261967
United Arab Emirates,1067030.0,2349.0,9441138.0,113019.2144209734,248.80475213899,0.2201437635305474
United Kingdom,24779150.0,230383.0,67508936.0,367049.92654602055,3412.6296998666962,0.9297453706039149
United States,103436829.0,1136920.0,338289856.0,305763.9097519968,3360.7865557754117,1.099144290279819
United States Virgin Islands,25389.0,132.0,99479.0,255219.69460891242,1326.913217865077,0.5199101973295521
Uruguay,1039238.0,7634.0,3422796.0,303622.53549437365,2230.3403416388237,0.7345766802214699
Uzbekistan,174123.0,1016.0,34627648.0,5028.438547140135,29.34071641250367,0.583495574967121
Vanuatu,12019.0,14.0,326744.0,36784.149058590214,42.846999485836,0.11648223645894001
Vatican,26.0,0.0,808.0,32178.21782178218,0.0,0.0
Venezuela,552695.0,5856.0,28301700.0,19528.68555599134,206.91336562821314,1.0595355485394296
Vietnam,11623987.0,43206.0,98186856.0,118386.38564819715,440.0385322450899,0.37169690571746167
Wallis and Futuna,3550.0,8.0,11596.0,306140.0482925147,689.8930665746809,0.22535211267605634
Yemen,11945.0,2159.0,33696612.0,354.48667658339065,64.0717232937246,18.07450816241105
Zambia,349287.0,4069.0,20017670.0,17448.933866928568,203.27041059224177,1.164944587116039
Zimbabwe,265808.0,5718.0,16320539.0,16286.71700119708,350.3560758624455,2.1511767892614215
