location,peak_date,peak_7day_cases,peak_cases_per_million
Afghanistan,2021-06-23,2095.5714285714284,50.951
Albania,2022-01-24,2210.285714285714,777.635
Algeria,2022-01-29,2177.5714285714284,48.495
American Samoa,2022-03-25,307.7142857142857,6946.93
Andorra,2022-01-26,588.5714285714286,7371.61
Angola,2022-01-08,1712.5714285714287,48.121
Anguilla,2022-01-17,47.42857142857143,2987.25
Antigua and Barbuda,2022-01-29,101.28571428571429,1080.127
Argentina,2022-01-14,111509.85714285714,2450.21
Armenia,2022-02-07,3399.0,1222.454
Aruba,2022-01-11,845.8571428571429,7945.379
Australia,2022-01-09,84116.14285714286,3213.31
Austria,2022-03-19,45796.28571428572,5122.847
Azerbaijan,2022-02-11,7050.142857142857,680.642
Bahamas,2022-01-11,496.85714285714283,1211.879
Bahrain,2022-02-08,7649.714285714285,5195.98
Bangladesh,2021-08-03,14477.285714285714,84.57
Barbados,2022-01-27,709.8571428571429,2520.388
Belarus,2022-02-15,7901.571428571428,828.695
Belgium,2022-01-27,52466.857142857145,4501.304
Belize,2022-01-26,754.2857142857143,1861.124
Benin,2021-09-06,944.8571428571429,70.761
Bermuda,2022-01-12,208.57142857142858,3248.422
Bhutan,2022-04-14,1716.7142857142858,2194.005
Bolivia,2022-01-22,11969.714285714286,979.189
Bonaire Sint Eustatius and Saba,2022-01-16,148.71428571428572,5497.349
Bosnia and Herzegovina,2022-01-23,2464.285714285714,762.104
Botswana,2022-02-24,6052.714285714285,2301.15
Brazil,2022-02-05,189526.0,880.233
British Virgin Islands,2022-01-11,181.71428571428572,5799.639
Brunei,2022-03-07,4213.142857142857,9383.35
Bulgaria,2022-01-30,8833.0,1302.427
Burkina Faso,2022-01-09,286.2857142857143,12.626
Burundi,2021-12-30,791.4285714285714,61.401
Cambodia,2021-07-06,981.0,58.505
Cameroon,2021-03-18,1240.142857142857,44.426
Canada,2022-01-08,42191.28571428572,1097.179
Cape Verde,2022-01-10,1062.7142857142858,1791.609
Cayman Islands,2022-02-18,399.14285714285717,5808.08
Central African Republic,2021-04-20,199.14285714285714,35.694
Chad,2021-12-01,85.14285714285714,4.804
Chile,2022-02-14,35656.28571428572,1818.852
China,2022-12-26,5882128.571428572,4125.241
Colombia,2021-06-30,31255.571428571428,602.528
Comoros,2022-01-05,177.14285714285714,211.695
Congo,2022-01-04,194.14285714285714,32.517
Cook Islands,2022-04-12,151.14285714285714,8874.052
Costa Rica,2022-02-05,5795.857142857143,1118.711
Cote d'Ivoire,2022-01-05,1245.7142857142858,44.236
Croatia,2022-01-27,8909.57142857143,2210.614
Cuba,2021-08-25,9416.714285714286,839.863
Curacao,2022-01-14,873.7142857142857,4570.281
Cyprus,2022-03-31,4908.285714285715,5477.955
Czechia,2022-02-02,45292.857142857145,4316.076
Democratic Republic of Congo,2021-12-22,1017.5714285714286,10.277
Denmark,2022-02-14,46336.71428571428,7877.367
Djibouti,2021-04-05,190.71428571428572,170.151
Dominica,2022-02-12,182.71428571428572,2511.26
Dominican Republic,2022-01-15,6378.0,568.003
Ecuador,2022-01-22,9197.285714285714,510.932
Egypt,2022-02-08,2287.4285714285716,20.609
El Salvador,2022-02-15,1811.0,285.809
England,2020-03-20,0.0,
Equatorial Guinea,2022-01-13,206.14285714285714,123.077
Eritrea,2021-06-11,83.42857142857143,22.646
Estonia,2022-02-06,6861.571428571428,5174.389
Eswatini,2021-12-18,1100.5714285714287,915.861
Ethiopia,2022-01-01,4229.285714285715,34.279
Faeroe Islands,2022-02-06,710.4285714285714,13374.787
Falkland Islands,2022-05-13,104.85714285714286,27586.725
Fiji,2021-07-21,1111.0,1194.92
Finland,2022-01-02,8762.857142857143,1581.53
France,2022-01-23,345291.85714285716,5342.873
French Guiana,2022-01-12,1701.2857142857142,5585.898
French Polynesia,2022-02-18,1245.4285714285713,4066.148
Gabon,2021-12-29,433.42857142857144,181.427
Gambia,2021-08-01,137.57142857142858,50.839
Georgia,2022-02-06,21690.0,5792.674
Germany,2022-03-27,226984.42857142858,2722.62
Ghana,2021-12-30,1230.857142857143,36.768
Gibraltar,2022-01-10,152.85714285714286,4677.821
Greece,2022-01-09,34474.142857142855,3319.618
Greenland,2022-01-14,525.5714285714286,9303.137
Grenada,2022-01-17,290.2857142857143,2313.789
Guadeloupe,2022-01-31,3131.285714285714,7912.042
Guam,2022-02-13,843.2857142857143,4909.017
Guatemala,2022-07-17,5462.714285714285,306.139
Guernsey,2022-03-23,419.42857142857144,6623.01
Guinea,2022-01-06,298.2857142857143,21.522
Guinea-Bissau,2020-05-13,77.71428571428571,36.909
Guyana,2022-01-20,1024.7142857142858,1267.071
Haiti,2020-06-07,191.42857142857142,16.524
Honduras,2021-08-20,1633.2857142857142,156.552
Hong Kong,2020-01-31,0.0,
Hungary,2022-01-31,16002.857142857143,1605.535
Iceland,2022-03-13,2805.714285714286,7523.979
India,2021-05-09,391279.5714285714,276.099
Indonesia,2022-02-20,55675.28571428572,202.087
Iran,2021-08-18,39795.28571428572,449.407
Iraq,2021-08-03,11985.57142857143,269.362
Ireland,2022-01-14,22479.571428571428,4475.232
Isle of Man,2022-01-06,451.57142857142856,5341.891
Israel,2022-01-26,75623.85714285714,8003.371
Italy,2022-01-15,181821.7142857143,3079.768
Jamaica,2022-01-18,1425.7142857142858,504.252
Japan,2022-08-25,227836.7142857143,1838.109
Jersey,2022-01-11,516.0,4657.208
Jordan,2022-02-15,19820.0,1756.178
Kazakhstan,2022-01-23,13894.0,716.259
Kenya,2021-12-28,2774.714285714286,51.357
Kiribati,2023-01-09,213.0,1623.018
Kosovo,2022-01-30,3352.285714285714,1881.071
Kuwait,2022-02-03,6274.142857142857,1469.738
Kyrgyzstan,2021-07-04,1446.2857142857142,218.122
Laos,2022-04-02,2555.5714285714284,339.409
Latvia,2022-02-13,9788.142857142857,5289.018
Lebanon,2022-02-06,8257.57142857143,1504.182
Lesotho,2021-01-11,479.57142857142856,207.982
Liberia,2021-07-04,163.14285714285714,30.766
Libya,2022-02-05,3761.8571428571427,552.212
Liechtenstein,2022-03-09,178.71428571428572,4541.082
Lithuania,2022-02-05,12701.142857142857,4618.5
Luxembourg,2022-01-23,2630.4285714285716,4061.804
Macao,2021-02-08,0.0,
Madagascar,2021-04-20,633.8571428571429,21.406
Malawi,2021-01-26,994.5714285714286,48.741
Malaysia,2022-03-09,30729.85714285714,905.465
Maldives,2022-01-31,2673.1428571428573,5103.385
Mali,2022-01-13,616.4285714285714,27.283
Malta,2022-01-02,1159.7142857142858,2174.629
Marshall Islands,2022-08-21,1298.0,31207.174
Martinique,2022-03-12,2130.714285714286,5797.673
Mauritania,2022-01-13,1049.857142857143,221.669
Mauritius,2022-02-19,2886.8571428571427,2221.551
Mayotte,2022-01-14,1298.0,3980.215
Mexico,2022-01-20,62299.857142857145,488.611
Micronesia (country),2022-10-06,1144.7142857142858,10025.699
Moldova,2022-02-01,4687.857142857143,1432.285
Monaco,2022-01-21,140.57142857142858,3852.222
Mongolia,2022-01-26,8431.857142857143,2481.145
Montenegro,2022-01-09,2438.714285714286,3888.988
Montserrat,2022-05-14,42.142857142857146,9549.707
Morocco,2021-08-11,9774.285714285714,260.94
Mozambique,2022-01-02,3837.1428571428573,116.385
Myanmar,2021-07-22,5831.285714285715,107.629
Namibia,2021-06-28,1826.7142857142858,711.608
Nauru,2022-07-01,385.2857142857143,30358.972
Nepal,2021-05-12,8962.714285714286,293.402
Netherlands,2022-02-06,89471.71428571429,5094.034
New Caledonia,2022-02-18,1412.7142857142858,4872.117
New Zealand,2022-03-08,20520.428571428572,3957.432
Nicaragua,2020-06-03,95.85714285714286,13.796
Niger,2022-01-14,102.28571428571429,3.903
Nigeria,2021-12-27,1953.4285714285713,8.938
Niue,2023-01-02,34.285714285714285,17564.403
North Korea,2020-01-03,0.0,
North Macedonia,2022-01-30,1697.2857142857142,810.7
Northern Cyprus,2021-01-14,0.0,
Northern Ireland,2020-03-10,0.0,
Northern Mariana Islands,2022-02-11,216.0,4357.123
Norway,2022-02-12,20508.428571428572,3773.869
Oman,2022-02-07,2246.714285714286,490.946
Pakistan,2022-01-31,7198.0,30.523
Palau,2022-02-01,156.14285714285714,8634.31
Palestine,2022-02-05,8668.857142857143,1651.187
Panama,2022-01-22,10697.857142857143,2426.598
Papua New Guinea,2021-10-26,447.2857142857143,44.1
Paraguay,2022-02-02,5896.285714285715,869.563
Peru,2022-01-27,50361.71428571428,1479.07
Philippines,2022-01-18,34897.0,301.984
Pitcairn,2022-07-20,0.5714285714285714,12158.055
Poland,2022-02-02,49073.142857142855,1231.226
Portugal,2022-01-30,57900.857142857145,5637.393
Puerto Rico,2022-01-04,10583.42857142857,3254.025
Qatar,2022-01-18,4101.571428571428,1521.845
Reunion,2022-01-25,11187.857142857143,11485.775
Romania,2022-02-05,30033.428571428572,1527.698
Russia,2022-02-15,190418.57142857142,1315.833
Rwanda,2021-07-25,1437.142857142857,104.317
Saint Barthelemy,2022-01-15,71.71428571428571,6523.039
Saint Helena,2022-09-26,201.14285714285714,37241.781
Saint Kitts and Nevis,2022-01-09,144.71428571428572,3035.051
Saint Lucia,2022-01-17,411.0,2284.958
Saint Martin (French part),2022-01-15,327.85714285714283,10304.788
Saint Pierre and Miquelon,2022-03-22,85.0,14443.5
Saint Vincent and the Grenadines,2022-01-12,112.57142857142857,1082.844
Samoa,2022-04-24,441.7142857142857,1986.215
San Marino,2022-01-14,179.71428571428572,5334.351
Sao Tome and Principe,2022-01-14,179.0,787.183
Saudi Arabia,2022-01-21,5611.857142857143,154.135
Scotland,2020-03-07,0.0,
Senegal,2021-07-24,979.0,56.536
Serbia,2022-02-01,16836.0,2450.103
Seychelles,2022-01-15,589.5714285714286,5503.07
Sierra Leone,2021-06-26,88.85714285714286,10.325
Singapore,2022-02-25,18325.14285714286,3250.855
Sint Maarten (Dutch part),2022-01-15,305.2857142857143,6908.167
Slovakia,2022-02-12,17917.0,3174.828
Slovenia,2022-01-30,14118.0,6659.927
Solomon Islands,2022-05-31,437.57142857142856,604.153
Somalia,2022-01-31,249.28571428571428,14.166
South Africa,2021-12-18,23437.14285714286,391.311
South Korea,2022-03-17,404999.5714285714,7816.139
South Sudan,2021-12-25,207.42857142857142,19.007
Spain,2022-01-16,136643.7142857143,2873.163
Sri Lanka,2021-08-30,5960.857142857143,273.031
Sudan,2022-01-19,577.5714285714286,12.322
Suriname,2022-01-21,992.1428571428571,1605.29
Sweden,2022-01-28,40672.57142857143,3855.458
Switzerland,2022-01-28,35879.857142857145,4105.026
Syria,2021-10-21,405.14285714285717,18.311
Taiwan,2020-01-16,0.0,
Tajikistan,2020-05-25,229.57142857142858,23.066
Tanzania,2021-08-12,3057.4285714285716,46.68
Thailand,2022-04-04,26109.571428571428,364.165
Timor,2021-08-27,322.85714285714283,240.705
Togo,2022-01-04,455.2857142857143,51.452
Tokelau,2023-07-15,5.571428571428571,2943.174
Tonga,2022-03-24,334.57142857142856,3130.727
Trinidad and Tobago,2022-01-23,884.1428571428571,577.477
Tunisia,2022-01-23,9430.714285714286,763.243
Turkey,2022-02-09,103375.42857142857,1211.318
Turkmenistan,2020-01-03,0.0,
Turks and Caicos Islands,2022-01-18,157.0,3433.495
Tuvalu,2022-11-15,299.14285714285717,26391.077
Uganda,2021-08-20,3117.714285714286,65.984
Ukraine,2022-02-06,34706.0,874.168
United Arab Emirates,2021-01-31,3755.0,397.727
United Kingdom,2022-01-06,214690.2857142857,3180.176
United States,2022-01-17,809735.2857142857,2393.614
United States Virgin Islands,2022-01-10,347.85714285714283,3496.79
Uruguay,2022-01-24,11399.857142857143,3330.569
Uzbekistan,2022-01-23,1277.2857142857142,36.886
Vanuatu,2022-04-04,261.85714285714283,801.414
Vatican,2020-10-16,2.0,2475.248
Venezuela,2022-01-26,2106.8571428571427,74.443
Vietnam,2022-03-18,274025.28571428574,2790.855
Wales,2020-04-01,0.0,
Wallis and Futuna,2022-10-14,379.14285714285717,32696.004
Western Sahara,2022-04-20,0.0,
Yemen,2021-04-06,109.42857142857143,3.247
Zambia,2022-01-05,3870.8571428571427,193.372
Zimbabwe,2021-12-15,4579.714285714285,280.61
