date,new_cases,new_deaths,new_cases_7day_avg,new_deaths_7day_avg
2020-01-01,0.0,0.0,0.0,0.0
2020-01-02,0.0,0.0,0.0,0.0
2020-01-03,0.0,0.0,0.0,0.0
2020-01-04,3.0,0.0,0.75,0.0
2020-01-05,0.0,3.0,0.6,0.6
2020-01-06,3.0,0.0,1.0,0.5
2020-01-07,0.0,0.0,0.8571428571428571,0.42857142857142855
2020-01-08,1.0,0.0,1.0,0.42857142857142855
2020-01-09,0.0,0.0,1.0,0.42857142857142855
2020-01-10,0.0,0.0,1.0,0.42857142857142855
2020-01-11,0.0,0.0,0.5714285714285714,0.42857142857142855
2020-01-12,41.0,1.0,6.428571428571429,0.14285714285714285
2020-01-13,1.0,0.0,6.142857142857143,0.14285714285714285
2020-01-14,5.0,0.0,6.857142857142857,0.14285714285714285
2020-01-15,0.0,0.0,6.714285714285714,0.14285714285714285
2020-01-16,0.0,0.0,6.714285714285714,0.14285714285714285
2020-01-17,4.0,1.0,7.285714285714286,0.2857142857142857
2020-01-18,4.0,0.0,7.857142857142857,0.2857142857142857
2020-01-19,79.0,1.0,13.285714285714286,0.2857142857142857
2020-01-20,78.0,1.0,24.285714285714285,0.42857142857142855
2020-01-21,93.0,2.0,36.857142857142854,0.7142857142857143
2020-01-22,148.0,11.0,58.0,2.2857142857142856
2020-01-23,133.0,1.0,77.0,2.4285714285714284
2020-01-24,271.0,8.0,115.14285714285714,3.4285714285714284
2020-01-25,473.0,16.0,182.14285714285714,5.714285714285714
2020-01-26,705.0,17.0,271.57142857142856,8.0
2020-01-27,790.0,26.0,373.2857142857143,11.571428571428571
2020-01-28,1779.0,49.0,614.1428571428571,18.285714285714285
2020-01-29,1477.0,2.0,804.0,17.0
2020-01-30,1754.0,38.0,1035.5714285714287,22.285714285714285
2020-01-31,2015.0,42.0,1284.7142857142858,27.142857142857142
2020-02-01,2113.0,47.0,1519.0,31.571428571428573
2020-02-02,2621.0,106.0,1792.7142857142858,44.285714285714285
2020-02-03,2836.0,64.0,2085.0,49.714285714285715
2020-02-04,3253.0,67.0,2295.5714285714284,52.285714285714285
2020-02-05,3936.0,72.0,2646.8571428571427,62.285714285714285
2020-02-06,3716.0,70.0,2927.1428571428573,66.85714285714286
2020-02-07,3159.0,85.0,3090.5714285714284,73.0
2020-02-08,3397.0,87.0,3274.0,78.71428571428571
2020-02-09,2699.0,100.0,3285.1428571428573,77.85714285714286
2020-02-10,2993.0,107.0,3307.5714285714284,84.0
2020-02-11,2482.0,100.0,3197.4285714285716,88.71428571428571
2020-02-12,2034.0,5.0,2925.714285714286,79.14285714285714
2020-02-13,15168.0,253.0,4561.714285714285,105.28571428571429
2020-02-14,4068.0,152.0,4691.571428571428,114.85714285714286
2020-02-15,2662.0,142.0,4586.571428571428,122.71428571428571
2020-02-16,2045.0,105.0,4493.142857142857,123.42857142857143
2020-02-17,2062.0,98.0,4360.142857142857,122.14285714285714
2020-02-18,1908.0,139.0,4278.142857142857,127.71428571428571
2020-02-19,1799.0,113.0,4244.571428571428,143.14285714285714
2020-02-20,422.0,123.0,2138.0,124.57142857142857
2020-02-21,996.0,2.0,1699.142857142857,103.14285714285714
2020-02-22,1067.0,209.0,1471.2857142857142,112.71428571428571
2020-02-23,991.0,6.0,1320.7142857142858,98.57142857142857
2020-02-24,516.0,159.0,1099.857142857143,107.28571428571429
2020-02-25,786.0,79.0,939.5714285714286,98.71428571428571
2020-02-26,855.0,62.0,804.7142857142857,91.42857142857143
2020-02-27,1093.0,38.0,900.5714285714286,79.28571428571429
2020-02-28,1201.0,57.0,929.8571428571429,87.14285714285714
2020-02-29,1816.0,64.0,1036.857142857143,66.42857142857143
2020-03-01,2005.0,56.0,1181.7142857142858,73.57142857142857
2020-03-02,1942.0,67.0,1385.4285714285713,60.42857142857143
2020-03-03,1798.0,68.0,1530.0,58.857142857142854
2020-03-04,2216.0,87.0,1724.4285714285713,62.42857142857143
2020-03-05,2162.0,87.0,1877.142857142857,69.42857142857143
2020-03-06,2487.0,100.0,2060.8571428571427,75.57142857142857
2020-03-07,3257.0,102.0,2266.714285714286,81.0
2020-03-08,6354.0,138.0,2888.0,92.71428571428571
2020-03-09,3272.0,222.0,3078.0,114.85714285714286
2020-03-10,3859.0,174.0,3372.4285714285716,130.0
2020-03-11,3928.0,269.0,3617.0,156.0
2020-03-12,6008.0,305.0,4166.428571428572,187.14285714285714
2020-03-13,6748.0,320.0,4775.142857142857,218.57142857142858
2020-03-14,7319.0,400.0,5355.428571428572,261.14285714285717
2020-03-15,29312.0,964.0,8635.142857142857,379.14285714285717
2020-03-16,8565.0,564.0,9391.285714285714,428.0
2020-03-17,10355.0,587.0,10319.285714285714,487.0
2020-03-18,11532.0,638.0,11405.57142857143,539.7142857142857
2020-03-19,14178.0,792.0,12572.714285714286,609.2857142857143
2020-03-20,17041.0,823.0,14043.142857142857,681.1428571428571
2020-03-21,20499.0,1062.0,15926.0,775.7142857142857
2020-03-22,89154.0,5231.0,24474.85714285714,1385.2857142857142
2020-03-23,22462.0,1193.0,26460.14285714286,1475.142857142857
2020-03-24,26550.0,1237.0,28773.714285714286,1568.0
2020-03-25,30019.0,1494.0,31414.714285714286,1690.2857142857142
2020-03-26,31299.0,1599.0,33860.57142857143,1805.5714285714287
2020-03-27,38012.0,1830.0,36856.42857142857,1949.4285714285713
2020-03-28,44667.0,2259.0,40309.0,2120.4285714285716
2020-03-29,158478.0,12671.0,50212.42857142857,3183.285714285714
2020-03-30,43212.0,2421.0,53176.71428571428,3358.714285714286
2020-03-31,49031.0,2901.0,56388.28571428572,3596.4285714285716
2020-04-01,43914.0,3026.0,58373.28571428572,3815.285714285714
2020-04-02,52044.0,3421.0,61336.857142857145,4075.5714285714284
2020-04-03,58927.0,3795.0,64324.71428571428,4356.285714285715
2020-04-04,60801.0,4131.0,66629.57142857143,4623.714285714285
2020-04-05,158463.0,17151.0,66627.42857142857,5263.714285714285
2020-04-06,59795.0,4401.0,68996.42857142857,5546.571428571428
2020-04-07,54684.0,4878.0,69804.0,5829.0
2020-04-08,60420.0,4726.0,72162.0,6071.857142857143
2020-04-09,63611.0,5291.0,73814.42857142857,6339.0
2020-04-10,69661.0,5704.0,75347.85714285714,6611.714285714285
2020-04-11,72726.0,5609.0,77051.42857142857,6822.857142857143
2020-04-12,143460.0,17072.0,74908.14285714286,6811.571428571428
2020-04-13,64320.0,5502.0,75554.57142857143,6968.857142857143
2020-04-14,57675.0,5210.0,75981.85714285714,7016.285714285715
2020-04-15,57173.0,5377.0,75518.0,7109.285714285715
2020-04-16,62512.0,5867.0,75361.0,7191.571428571428
2020-04-17,67068.0,6215.0,74990.57142857143,7264.571428571428
2020-04-18,74007.0,7316.0,75173.57142857143,7508.428571428572
2020-04-19,124277.0,14470.0,72433.14285714286,7136.714285714285
2020-04-20,66401.0,5088.0,72730.42857142857,7077.571428571428
2020-04-21,64646.0,5182.0,73726.28571428571,7073.571428571428
2020-04-22,65295.0,5467.0,74886.57142857143,7086.428571428572
2020-04-23,66923.0,5910.0,75516.71428571429,7092.571428571428
2020-04-24,72519.0,5584.0,76295.42857142857,7002.428571428572
2020-04-25,89177.0,5489.0,78462.57142857143,6741.428571428572
2020-04-26,115307.0,11690.0,77181.14285714286,6344.285714285715
2020-04-27,76030.0,4954.0,78556.71428571429,6325.142857142857
2020-04-28,65252.0,4637.0,78643.28571428571,6247.285714285715
2020-04-29,65120.0,4933.0,78618.28571428571,6171.0
2020-04-30,70681.0,5456.0,79155.14285714286,6106.142857142857
2020-05-01,75994.0,5724.0,79651.57142857143,6126.142857142857
2020-05-02,83789.0,5599.0,78881.85714285714,6141.857142857143
2020-05-03,108772.0,9830.0,77948.28571428571,5876.142857142857
2020-05-04,77609.0,4796.0,78173.85714285714,5853.571428571428
2020-05-05,76405.0,4450.0,79767.14285714286,5826.857142857143
2020-05-06,72623.0,4425.0,80839.0,5754.285714285715
2020-05-07,77568.0,6041.0,81822.85714285714,5837.857142857143
2020-05-08,84881.0,5793.0,83092.42857142857,5847.714285714285
2020-05-09,89000.0,5552.0,83836.85714285714,5841.0
2020-05-10,107387.0,7867.0,83639.0,5560.571428571428
2020-05-11,85739.0,5168.0,84800.42857142857,5613.714285714285
2020-05-12,70364.0,4191.0,83937.42857142857,5576.714285714285
2020-05-13,76058.0,4132.0,84428.14285714286,5534.857142857143
2020-05-14,82949.0,5101.0,85196.85714285714,5400.571428571428
2020-05-15,83904.0,4925.0,85057.28571428571,5276.571428571428
2020-05-16,98861.0,5501.0,86466.0,5269.285714285715
2020-05-17,112785.0,7147.0,87237.14285714286,5166.428571428572
2020-05-18,93744.0,4690.0,88380.71428571429,5098.142857142857
2020-05-19,76654.0,3931.0,89279.28571428571,5061.0
2020-05-20,91735.0,4306.0,91518.85714285714,5085.857142857143
2020-05-21,100310.0,5095.0,93999.0,5085.0
2020-05-22,105440.0,5004.0,97075.57142857143,5096.285714285715
2020-05-23,103921.0,4931.0,97798.42857142857,5014.857142857143
2020-05-24,124883.0,6791.0,99526.71428571429,4964.0
2020-05-25,95485.0,4225.0,99775.42857142857,4897.571428571428
2020-05-26,91133.0,4056.0,101843.85714285714,4915.428571428572
2020-05-27,87163.0,4146.0,101190.71428571429,4892.571428571428
2020-05-28,96524.0,4598.0,100649.85714285714,4821.571428571428
2020-05-29,105582.0,5082.0,100670.14285714286,4832.714285714285
2020-05-30,117950.0,5293.0,102674.28571428571,4884.428571428572
2020-05-31,135166.0,5968.0,104143.28571428571,4766.857142857143
2020-06-01,125118.0,4635.0,108376.57142857143,4825.428571428572
2020-06-02,107230.0,4152.0,110676.14285714286,4839.142857142857
2020-06-03,96853.0,4231.0,112060.42857142857,4851.285714285715
2020-06-04,121665.0,5240.0,115652.0,4943.0
2020-06-05,124158.0,5435.0,118305.71428571429,4993.428571428572
2020-06-06,124712.0,5468.0,119271.71428571429,5018.428571428572
2020-06-07,144927.0,5721.0,120666.14285714286,4983.142857142857
2020-06-08,123431.0,5001.0,120425.14285714286,5035.428571428572
2020-06-09,107888.0,4039.0,120519.14285714286,5019.285714285715
2020-06-10,106621.0,4521.0,121914.57142857143,5060.714285714285
2020-06-11,129160.0,5325.0,122985.28571428571,5072.857142857143
2020-06-12,138320.0,5475.0,125008.42857142857,5078.571428571428
2020-06-13,139352.0,5448.0,127099.85714285714,5075.714285714285
2020-06-14,157878.0,5467.0,128950.0,5039.428571428572
2020-06-15,130437.0,4717.0,129950.85714285714,4998.857142857143
2020-06-16,116876.0,4395.0,131234.85714285713,5049.714285714285
2020-06-17,120969.0,6018.0,133284.57142857142,5263.571428571428
2020-06-18,179805.0,5510.0,140519.57142857142,5290.0
2020-06-19,144831.0,5592.0,141449.7142857143,5306.714285714285
2020-06-20,140448.0,5517.0,141606.2857142857,5316.571428571428
2020-06-21,198046.0,5701.0,147344.57142857142,5350.0
2020-06-22,152524.0,5050.0,150499.85714285713,5397.571428571428
2020-06-23,128230.0,4080.0,152121.85714285713,5352.571428571428
2020-06-24,138471.0,4271.0,154622.14285714287,5103.0
2020-06-25,170341.0,5529.0,153270.14285714287,5105.714285714285
2020-06-26,176706.0,5333.0,157823.7142857143,5068.714285714285
2020-06-27,182628.0,7015.0,163849.42857142858,5282.714285714285
2020-06-28,209219.0,5451.0,165445.57142857142,5247.0
2020-06-29,175673.0,4970.0,168752.57142857142,5235.571428571428
2020-06-30,155886.0,4367.0,172703.42857142858,5276.571428571428
2020-07-01,166991.0,4853.0,176777.7142857143,5359.714285714285
2020-07-02,181239.0,5262.0,178334.57142857142,5321.571428571428
2020-07-03,208313.0,5325.0,182849.85714285713,5320.428571428572
2020-07-04,210937.0,5529.0,186894.0,5108.142857142857
2020-07-05,229607.0,6062.0,189806.57142857142,5195.428571428572
2020-07-06,188473.0,5217.0,191635.14285714287,5230.714285714285
2020-07-07,164436.0,4689.0,192856.57142857142,5276.714285714285
2020-07-08,173196.0,5034.0,193743.0,5302.571428571428
2020-07-09,211012.0,5856.0,197996.2857142857,5387.428571428572
2020-07-10,222028.0,5906.0,199955.57142857142,5470.428571428572
2020-07-11,219118.0,5955.0,201124.2857142857,5531.285714285715
2020-07-12,250787.0,6138.0,204150.0,5542.142857142857
2020-07-13,215682.0,5817.0,208037.0,5627.857142857143
2020-07-14,190734.0,5145.0,211793.85714285713,5693.0
2020-07-15,188894.0,5307.0,214036.42857142858,5732.0
2020-07-16,227489.0,6165.0,216390.2857142857,5776.142857142857
2020-07-17,239929.0,6491.0,218947.57142857142,5859.714285714285
2020-07-18,241945.0,7200.0,222208.57142857142,6037.571428571428
2020-07-19,269480.0,6434.0,224879.0,6079.857142857143
2020-07-20,226275.0,5982.0,226392.2857142857,6103.428571428572
2020-07-21,201103.0,5516.0,227873.57142857142,6156.428571428572
2020-07-22,205023.0,5568.0,230177.7142857143,6193.714285714285
2020-07-23,243585.0,7584.0,232477.14285714287,6396.428571428572
2020-07-24,285487.0,6491.0,238985.42857142858,6396.428571428572
2020-07-25,277336.0,6715.0,244041.2857142857,6327.142857142857
2020-07-26,304062.0,6928.0,248981.57142857142,6397.714285714285
2020-07-27,247805.0,6266.0,252057.2857142857,6438.285714285715
2020-07-28,211265.0,5536.0,253509.0,6441.142857142857
2020-07-29,223117.0,5975.0,256093.85714285713,6499.285714285715
2020-07-30,254596.0,6319.0,257666.85714285713,6318.571428571428
2020-07-31,294027.0,7173.0,258886.85714285713,6416.0
2020-08-01,283610.0,6603.0,259783.14285714287,6400.0
2020-08-02,324816.0,6953.0,262748.0,6403.571428571428
2020-08-03,249090.0,6574.0,262931.5714285714,6447.571428571428
2020-08-04,218152.0,5767.0,263915.4285714286,6480.571428571428
2020-08-05,212378.0,5850.0,262381.28571428574,6462.714285714285
2020-08-06,263365.0,6823.0,263634.0,6534.714285714285
2020-08-07,282103.0,7075.0,261930.57142857142,6520.714285714285
2020-08-08,272733.0,6629.0,260376.7142857143,6524.428571428572
2020-08-09,340843.0,6971.0,262666.28571428574,6527.0
2020-08-10,253611.0,6465.0,263312.14285714284,6511.428571428572
2020-08-11,212387.0,5582.0,262488.5714285714,6485.0
2020-08-12,220947.0,5534.0,263712.71428571426,6439.857142857143
2020-08-13,280328.0,6767.0,266136.0,6431.857142857143
2020-08-14,279122.0,6834.0,265710.14285714284,6397.428571428572
2020-08-15,284319.0,6593.0,267365.28571428574,6392.285714285715
2020-08-16,354561.0,6913.0,269325.0,6384.0
2020-08-17,241503.0,5832.0,267595.28571428574,6293.571428571428
2020-08-18,210859.0,5422.0,267377.0,6270.714285714285
2020-08-19,220377.0,5587.0,267295.5714285714,6278.285714285715
2020-08-20,264548.0,6458.0,265041.28571428574,6234.142857142857
2020-08-21,271815.0,6729.0,263997.4285714286,6219.142857142857
2020-08-22,262878.0,6134.0,260934.42857142858,6153.571428571428
2020-08-23,351543.0,6549.0,260503.2857142857,6101.571428571428
2020-08-24,245335.0,5881.0,261050.7142857143,6108.571428571428
2020-08-25,210779.0,5177.0,261039.2857142857,6073.571428571428
2020-08-26,217765.0,5335.0,260666.14285714287,6037.571428571428
2020-08-27,267296.0,6377.0,261058.7142857143,6026.0
2020-08-28,271945.0,6324.0,261077.2857142857,5968.142857142857
2020-08-29,267797.0,5762.0,261780.0,5915.0
2020-08-30,394311.0,6621.0,267889.71428571426,5925.285714285715
2020-08-31,256806.0,5732.0,269528.4285714286,5904.0
2020-09-01,209702.0,4750.0,269374.5714285714,5843.0
2020-09-02,254603.0,5054.0,274637.14285714284,5802.857142857143
2020-09-03,266184.0,6150.0,274478.28571428574,5770.428571428572
2020-09-04,277933.0,6154.0,275333.71428571426,5746.142857142857
2020-09-05,277331.0,5646.0,276695.71428571426,5729.571428571428
2020-09-06,442487.0,6514.0,283578.0,5714.285714285715
2020-09-07,255751.0,9109.0,283427.28571428574,6196.714285714285
2020-09-08,214490.0,6550.0,284111.28571428574,6453.857142857143
2020-09-09,221333.0,4611.0,279358.4285714286,6390.571428571428
2020-09-10,246532.0,4936.0,276551.0,6217.142857142857
2020-09-11,276385.0,5828.0,276329.85714285716,6170.571428571428
2020-09-12,282994.0,5628.0,277138.85714285716,6168.0
2020-09-13,467168.0,6580.0,280664.71428571426,6177.428571428572
2020-09-14,264305.0,5217.0,281886.71428571426,5621.428571428572
2020-09-15,229044.0,4963.0,283965.85714285716,5394.714285714285
2020-09-16,244988.0,4725.0,287345.14285714284,5411.0
2020-09-17,278138.0,5719.0,291860.28571428574,5522.857142857143
2020-09-18,291868.0,5944.0,294072.14285714284,5539.428571428572
2020-09-19,286455.0,5354.0,294566.5714285714,5500.285714285715
2020-09-20,501225.0,7120.0,299431.85714285716,5577.428571428572
2020-09-21,264966.0,4994.0,299526.28571428574,5545.571428571428
2020-09-22,225810.0,4457.0,299064.28571428574,5473.285714285715
2020-09-23,251956.0,4705.0,300059.71428571426,5470.428571428572
2020-09-24,291392.0,5344.0,301953.14285714284,5416.857142857143
2020-09-25,286648.0,5551.0,301207.4285714286,5360.714285714285
2020-09-26,287048.0,5504.0,301292.14285714284,5382.142857142857
2020-09-27,496210.0,7163.0,300575.71428571426,5388.285714285715
2020-09-28,263455.0,5073.0,300359.85714285716,5399.571428571428
2020-09-29,223943.0,4361.0,300093.14285714284,5385.857142857143
2020-09-30,253914.0,4603.0,300372.85714285716,5371.285714285715
2020-10-01,290648.0,5592.0,300266.5714285714,5406.714285714285
2020-10-02,298074.0,5617.0,301898.85714285716,5416.142857142857
2020-10-03,294226.0,5035.0,302924.28571428574,5349.142857142857
2020-10-04,508864.0,7290.0,304732.0,5367.285714285715
2020-10-05,272990.0,4842.0,306094.14285714284,5334.285714285715
2020-10-06,229826.0,4510.0,306934.5714285714,5355.571428571428
2020-10-07,272214.0,4598.0,309548.85714285716,5354.857142857143
2020-10-08,321284.0,5447.0,313925.4285714286,5334.142857142857
2020-10-09,314155.0,5820.0,316222.71428571426,5363.142857142857
2020-10-10,320292.0,5223.0,319946.4285714286,5390.0
2020-10-11,634412.0,7686.0,337881.85714285716,5446.571428571428
2020-10-12,284853.0,4630.0,339576.5714285714,5416.285714285715
2020-10-13,253372.0,4466.0,342940.28571428574,5410.0
2020-10-14,292416.0,4420.0,345826.28571428574,5384.571428571428
2020-10-15,314330.0,4738.0,344832.85714285716,5283.285714285715
2020-10-16,339263.0,5400.0,348419.71428571426,5223.285714285715
2020-10-17,341055.0,5394.0,351385.85714285716,5247.714285714285
2020-10-18,772987.0,9039.0,371182.28571428574,5441.0
2020-10-19,303603.0,4825.0,373860.85714285716,5468.857142857143
2020-10-20,273646.0,4755.0,376757.14285714284,5510.142857142857
2020-10-21,342748.0,5056.0,383947.4285714286,5601.0
2020-10-22,370960.0,5643.0,392037.4285714286,5730.285714285715
2020-10-23,386177.0,6070.0,398739.4285714286,5826.0
2020-10-24,391438.0,5655.0,405937.0,5863.285714285715
2020-10-25,1022321.0,11011.0,441556.14285714284,6145.0
2020-10-26,352063.0,5408.0,448479.0,6228.285714285715
2020-10-27,303886.0,4976.0,452799.0,6259.857142857143
2020-10-28,385703.0,5494.0,458935.4285714286,6322.428571428572
2020-10-29,417567.0,6073.0,465593.5714285714,6383.857142857143
2020-10-30,428566.0,6324.0,471649.14285714284,6420.142857142857
2020-10-31,437288.0,6280.0,478199.14285714284,6509.428571428572
2020-11-01,1201567.0,14944.0,503805.71428571426,7071.285714285715
2020-11-02,379755.0,5957.0,507761.71428571426,7149.714285714285
2020-11-03,406855.0,5607.0,522471.5714285714,7239.857142857143
2020-11-04,413841.0,6186.0,526491.2857142857,7338.714285714285
2020-11-05,447985.0,7059.0,530836.7142857143,7479.571428571428
2020-11-06,482046.0,7560.0,538476.7142857143,7656.142857142857
2020-11-07,490071.0,7727.0,546017.1428571428,7862.857142857143
2020-11-08,1237030.0,18955.0,551083.2857142857,8435.857142857143
2020-11-09,441144.0,6414.0,559853.1428571428,8501.142857142857
2020-11-10,396109.0,6410.0,558318.0,8615.857142857143
2020-11-11,465237.0,7146.0,565660.2857142857,8753.0
2020-11-12,512688.0,8030.0,574903.5714285715,8891.714285714286
2020-11-13,544376.0,7912.0,583807.8571428572,8942.0
2020-11-14,537667.0,8189.0,590607.2857142857,9008.0
2020-11-15,1152032.0,21321.0,578464.7142857143,9346.0
2020-11-16,478311.0,8040.0,583774.2857142857,9578.285714285714
2020-11-17,420223.0,6774.0,587219.1428571428,9630.285714285714
2020-11-18,473088.0,7294.0,588340.7142857143,9651.42857142857
2020-11-19,537935.0,8929.0,591947.4285714285,9779.857142857143
2020-11-20,544446.0,9144.0,591957.4285714285,9955.857142857143
2020-11-21,552686.0,9354.0,594103.0,10122.285714285714
2020-11-22,1104140.0,24000.0,587261.2857142857,10505.0
2020-11-23,483704.0,8137.0,588031.7142857143,10518.857142857143
2020-11-24,427121.0,8108.0,589017.1428571428,10709.42857142857
2020-11-25,482387.0,8679.0,590345.5714285715,10907.285714285714
2020-11-26,527382.0,9242.0,588838.0,10952.0
2020-11-27,584229.0,9890.0,594521.2857142857,11058.57142857143
2020-11-28,517656.0,9051.0,589517.0,11015.285714285714
2020-11-29,999692.0,23070.0,574595.8571428572,10882.42857142857
2020-11-30,473528.0,7932.0,573142.1428571428,10853.142857142857
2020-12-01,433234.0,8005.0,574015.4285714285,10838.42857142857
2020-12-02,482754.0,8728.0,574067.8571428572,10845.42857142857
2020-12-03,570491.0,9883.0,580226.2857142857,10937.0
2020-12-04,594949.0,10508.0,581757.7142857143,11025.285714285714
2020-12-05,597515.0,10362.0,593166.1428571428,11212.57142857143
2020-12-06,1048373.0,24027.0,600120.5714285715,11349.285714285714
2020-12-07,517256.0,8689.0,606367.4285714285,11457.42857142857
2020-12-08,464364.0,7776.0,610814.5714285715,11424.714285714286
2020-12-09,514337.0,9206.0,615326.4285714285,11493.0
2020-12-10,602047.0,9750.0,619834.4285714285,11474.0
2020-12-11,599950.0,11166.0,620548.8571428572,11568.0
2020-12-12,585146.0,10090.0,618781.8571428572,11529.142857142857
2020-12-13,1111370.0,25785.0,627781.4285714285,11780.285714285714
2020-12-14,525405.0,9005.0,628945.5714285715,11825.42857142857
2020-12-15,465706.0,8503.0,629137.2857142857,11929.285714285714
2020-12-16,544985.0,9461.0,633515.5714285715,11965.714285714286
2020-12-17,574334.0,10435.0,629556.5714285715,12063.57142857143
2020-12-18,642017.0,11013.0,635566.1428571428,12041.714285714286
2020-12-19,643254.0,11384.0,643867.2857142857,12226.57142857143
2020-12-20,1146724.0,25889.0,648917.8571428572,12241.42857142857
2020-12-21,519604.0,9556.0,648089.1428571428,12320.142857142857
2020-12-22,477289.0,8667.0,649743.8571428572,12343.57142857143
2020-12-23,526372.0,9633.0,647084.8571428572,12368.142857142857
2020-12-24,592462.0,10865.0,649674.5714285715,12429.57142857143
2020-12-25,586721.0,10821.0,641775.1428571428,12402.142857142857
2020-12-26,544276.0,10055.0,627635.4285714285,12212.285714285714
2020-12-27,871360.0,22194.0,588297.7142857143,11684.42857142857
2020-12-28,406936.0,8180.0,572202.2857142857,11487.857142857143
2020-12-29,445620.0,8946.0,567678.1428571428,11527.714285714286
2020-12-30,513536.0,10137.0,565844.4285714285,11599.714285714286
2020-12-31,652691.0,11956.0,574448.5714285715,11755.57142857143
2021-01-01,660927.0,12356.0,585049.4285714285,11974.857142857143
2021-01-02,590642.0,11269.0,591673.1428571428,12148.285714285714
2021-01-03,976325.0,23455.0,606668.1428571428,12328.42857142857
2021-01-04,517835.0,9154.0,622510.8571428572,12467.57142857143
2021-01-05,522454.0,8868.0,633487.1428571428,12456.42857142857
2021-01-06,570413.0,10328.0,641612.4285714285,12483.714285714286
2021-01-07,685106.0,12299.0,646243.1428571428,12532.714285714286
2021-01-08,694622.0,12470.0,651056.7142857143,12549.0
2021-01-09,718704.0,13281.0,669351.2857142857,12836.42857142857
2021-01-10,1298483.0,25951.0,715373.8571428572,13193.0
2021-01-11,608939.0,11404.0,728388.7142857143,13514.42857142857
2021-01-12,541424.0,10675.0,731098.7142857143,13772.57142857143
2021-01-13,564747.0,11819.0,730289.2857142857,13985.57142857143
2021-01-14,628229.0,13339.0,722164.0,14134.142857142857
2021-01-15,622940.0,13739.0,711923.7142857143,14315.42857142857
2021-01-16,616478.0,13264.0,697320.0,14313.0
2021-01-17,1270562.0,26732.0,693331.2857142857,14424.57142857143
2021-01-18,531604.0,12058.0,682283.4285714285,14518.0
2021-01-19,469250.0,11226.0,671972.8571428572,14596.714285714286
2021-01-20,472476.0,11744.0,658791.2857142857,14586.0
2021-01-21,516822.0,12966.0,642876.0,14532.714285714286
2021-01-22,554020.0,14171.0,633030.2857142857,14594.42857142857
2021-01-23,527801.0,13615.0,620362.1428571428,14644.57142857143
2021-01-24,1155158.0,27939.0,603875.8571428572,14817.0
2021-01-25,453015.0,11738.0,592648.8571428572,14771.285714285714
2021-01-26,380414.0,11062.0,579958.0,14747.857142857143
2021-01-27,422120.0,11502.0,572764.2857142857,14713.285714285714
2021-01-28,476345.0,13727.0,566981.8571428572,14822.0
2021-01-29,493957.0,13548.0,558401.4285714285,14733.0
2021-01-30,474683.0,13186.0,550813.1428571428,14671.714285714286
2021-01-31,1035398.0,25898.0,533704.5714285715,14380.142857142857
2021-02-01,397582.0,10923.0,525785.5714285715,14263.714285714286
2021-02-02,331041.0,9864.0,518732.28571428574,14092.57142857143
2021-02-03,373996.0,10628.0,511857.4285714286,13967.714285714286
2021-02-04,414773.0,11821.0,503061.4285714286,13695.42857142857
2021-02-05,401922.0,11790.0,489913.5714285714,13444.285714285714
2021-02-06,411556.0,11016.0,480895.4285714286,13134.285714285714
2021-02-07,834619.0,23250.0,452212.71428571426,12756.0
2021-02-08,340449.0,9765.0,444050.85714285716,12590.57142857143
2021-02-09,294121.0,8455.0,438776.5714285714,12389.285714285714
2021-02-10,309030.0,9318.0,429495.71428571426,12202.142857142857
2021-02-11,354304.0,10576.0,420857.28571428574,12024.285714285714
2021-02-12,373128.0,10679.0,416743.85714285716,11865.57142857143
2021-02-13,366878.0,10864.0,410361.28571428574,11843.857142857143
2021-02-14,682909.0,21839.0,388688.4285714286,11642.285714285714
2021-02-15,291319.0,9419.0,381669.85714285716,11592.857142857143
2021-02-16,257524.0,7762.0,376441.71428571426,11493.857142857143
2021-02-17,289218.0,7692.0,373611.4285714286,11261.57142857143
2021-02-18,319313.0,8198.0,368612.71428571426,10921.857142857143
2021-02-19,332787.0,9140.0,362849.71428571426,10702.0
2021-02-20,331915.0,9297.0,357855.0,10478.142857142857
2021-02-21,652182.0,16928.0,353465.4285714286,9776.57142857143
2021-02-22,301698.0,7761.0,354948.14285714284,9539.714285714286
2021-02-23,266471.0,7149.0,356226.28571428574,9452.142857142857
2021-02-24,297546.0,7573.0,357416.0,9435.142857142857
2021-02-25,362244.0,8310.0,363549.0,9451.142857142857
2021-02-26,370333.0,8729.0,368912.71428571426,9392.42857142857
2021-02-27,367351.0,9434.0,373975.0,9412.0
2021-02-28,695830.0,15051.0,380210.4285714286,9143.857142857143
2021-03-01,313765.0,7512.0,381934.28571428574,9108.285714285714
2021-03-02,269866.0,6580.0,382419.28571428574,9027.0
2021-03-03,311717.0,7182.0,384443.71428571426,8971.142857142857
2021-03-04,357990.0,7785.0,383836.0,8896.142857142857
2021-03-05,378003.0,8791.0,384931.71428571426,8905.0
2021-03-06,375549.0,7910.0,386102.85714285716,8687.285714285714
2021-03-07,730663.0,14723.0,391079.0,8640.42857142857
2021-03-08,320173.0,7045.0,391994.4285714286,8573.714285714286
2021-03-09,322325.0,6692.0,399488.5714285714,8589.714285714286
2021-03-10,312062.0,6778.0,399537.85714285716,8532.0
2021-03-11,385975.0,8018.0,403535.71428571426,8565.285714285714
2021-03-12,405343.0,9008.0,407441.4285714286,8596.285714285714
2021-03-13,405153.0,8448.0,411670.5714285714,8673.142857142857
2021-03-14,812176.0,14698.0,423315.28571428574,8669.57142857143
2021-03-15,349966.0,7303.0,427571.4285714286,8706.42857142857
2021-03-16,311734.0,6620.0,426058.4285714286,8696.142857142857
2021-03-17,350300.0,6980.0,431521.0,8725.0
2021-03-18,442621.0,8859.0,439613.28571428574,8845.142857142857
2021-03-19,460049.0,8987.0,447428.4285714286,8842.142857142857
2021-03-20,461282.0,8848.0,455446.85714285716,8899.285714285714
2021-03-21,952364.0,15586.0,475473.71428571426,9026.142857142857
2021-03-22,409244.0,9840.0,483942.0,9388.57142857143
2021-03-23,361506.0,6921.0,491052.28571428574,9431.57142857143
2021-03-24,412794.0,7893.0,499980.0,9562.0
2021-03-25,495336.0,9521.0,507510.71428571426,9656.57142857143
2021-03-26,522316.0,8649.0,516406.0,9608.285714285714
2021-03-27,519124.0,9144.0,524669.1428571428,9650.57142857143
2021-03-28,1112190.0,17118.0,547501.4285714285,9869.42857142857
2021-03-29,466102.0,8966.0,555624.0,9744.57142857143
2021-03-30,405391.0,8098.0,561893.2857142857,9912.714285714286
2021-03-31,442859.0,8360.0,566188.2857142857,9979.42857142857
2021-04-01,538564.0,10607.0,572363.7142857143,10134.57142857143
2021-04-02,559434.0,10664.0,577666.2857142857,10422.42857142857
2021-04-03,567320.0,10764.0,584551.4285714285,10653.857142857143
2021-04-04,1134209.0,17976.0,587697.0,10776.42857142857
2021-04-05,468392.0,8167.0,588024.1428571428,10662.285714285714
2021-04-06,426725.0,6882.0,591071.8571428572,10488.57142857143
2021-04-07,485564.0,8571.0,597172.5714285715,10518.714285714286
2021-04-08,622761.0,12451.0,609200.7142857143,10782.142857142857
2021-04-09,658068.0,11809.0,623291.2857142857,10945.714285714286
2021-04-10,651142.0,12544.0,635265.8571428572,11200.0
2021-04-11,1246423.0,19955.0,651296.4285714285,11482.714285714286
2021-04-12,607836.0,10001.0,671217.0,11744.714285714286
2021-04-13,548118.0,9362.0,688558.8571428572,12099.0
2021-04-14,608987.0,9723.0,706190.7142857143,12263.57142857143
2021-04-15,707942.0,12375.0,718359.4285714285,12252.714285714286
2021-04-16,708645.0,12127.0,725584.7142857143,12298.142857142857
2021-04-17,717477.0,12254.0,735061.1428571428,12256.714285714286
2021-04-18,1333828.0,20068.0,747547.5714285715,12272.857142857143
2021-04-19,707619.0,11399.0,761802.2857142857,12472.57142857143
2021-04-20,639189.0,10206.0,774812.4285714285,12593.142857142857
2021-04-21,679096.0,10839.0,784828.0,12752.57142857143
2021-04-22,783977.0,13090.0,795690.1428571428,12854.714285714286
2021-04-23,800632.0,13221.0,808831.1428571428,13011.0
2021-04-24,762822.0,11879.0,815309.0,12957.42857142857
2021-04-25,1322654.0,20797.0,813712.7142857143,13061.57142857143
2021-04-26,734681.0,12534.0,817578.7142857143,13223.714285714286
2021-04-27,648591.0,10884.0,818921.8571428572,13320.57142857143
2021-04-28,693540.0,11537.0,820985.2857142857,13420.285714285714
2021-04-29,795050.0,14242.0,822567.1428571428,13584.857142857143
2021-04-30,805128.0,13721.0,823209.4285714285,13656.285714285714
2021-05-01,789274.0,13274.0,826988.2857142857,13855.57142857143
2021-05-02,1227785.0,19884.0,813435.5714285715,13725.142857142857
2021-05-03,710420.0,12188.0,809969.7142857143,13675.714285714286
2021-05-04,638301.0,10553.0,808499.7142857143,13628.42857142857
2021-05-05,680155.0,11266.0,806587.5714285715,13589.714285714286
2021-05-06,777010.0,13622.0,804010.4285714285,13501.142857142857
2021-05-07,784911.0,13261.0,801122.2857142857,13435.42857142857
2021-05-08,757916.0,12906.0,796642.5714285715,13382.857142857143
2021-05-09,1115862.0,18437.0,780653.5714285715,13176.142857142857
2021-05-10,673393.0,12037.0,775364.0,13154.57142857143
2021-05-11,606745.0,10917.0,770856.0,13206.57142857143
2021-05-12,609857.0,11065.0,760813.4285714285,13177.857142857143
2021-05-13,696552.0,12670.0,749319.4285714285,13041.857142857143
2021-05-14,675556.0,12615.0,733697.2857142857,12949.57142857143
2021-05-15,642044.0,11875.0,717144.1428571428,12802.285714285714
2021-05-16,907892.0,16421.0,687434.1428571428,12514.285714285714
2021-05-17,587849.0,11726.0,675213.5714285715,12469.857142857143
2021-05-18,523811.0,11173.0,663365.8571428572,12506.42857142857
2021-05-19,530837.0,11458.0,652077.2857142857,12562.57142857143
2021-05-20,604609.0,12477.0,638942.5714285715,12535.0
2021-05-21,598508.0,12505.0,627935.7142857143,12519.285714285714
2021-05-22,585534.0,12241.0,619862.8571428572,12571.57142857143
2021-05-23,785530.0,14609.0,602382.5714285715,12312.714285714286
2021-05-24,506899.0,11106.0,590818.2857142857,12224.142857142857
2021-05-25,432361.0,9064.0,577754.0,11922.857142857143
2021-05-26,465859.0,10622.0,568471.4285714285,11803.42857142857
2021-05-27,534445.0,11456.0,558448.0,11657.57142857143
2021-05-28,518627.0,11564.0,547036.4285714285,11523.142857142857
2021-05-29,475562.0,11010.0,531326.1428571428,11347.285714285714
2021-05-30,613750.0,13782.0,506786.14285714284,11229.142857142857
2021-05-31,446119.0,10115.0,498103.28571428574,11087.57142857143
2021-06-01,372511.0,8331.0,489553.28571428574,10982.857142857143
2021-06-02,374552.0,8897.0,476509.4285714286,10736.42857142857
2021-06-03,436419.0,10137.0,462505.71428571426,10548.0
2021-06-04,454057.0,10311.0,453281.4285714286,10369.0
2021-06-05,420288.0,9888.0,445385.14285714284,10208.714285714286
2021-06-06,502073.0,10771.0,429431.28571428574,9778.57142857143
2021-06-07,367186.0,8672.0,418155.14285714284,9572.42857142857
2021-06-08,313540.0,7838.0,409730.71428571426,9502.0
2021-06-09,330868.0,8097.0,403490.14285714284,9387.714285714286
2021-06-10,363867.0,13379.0,393125.5714285714,9850.857142857143
2021-06-11,409388.0,11109.0,386744.28571428574,9964.857142857143
2021-06-12,391459.0,11044.0,382625.85714285716,10130.0
2021-06-13,471588.0,11040.0,378270.85714285716,10168.42857142857
2021-06-14,355519.0,10336.0,376604.14285714284,10406.142857142857
2021-06-15,299317.0,8119.0,374572.28571428574,10446.285714285714
2021-06-16,305760.0,7763.0,370985.4285714286,10398.57142857143
2021-06-17,374250.0,9550.0,372468.71428571426,9851.57142857143
2021-06-18,398899.0,9314.0,370970.28571428574,9595.142857142857
2021-06-19,365229.0,8477.0,367223.14285714284,9228.42857142857
2021-06-20,438168.0,9357.0,362448.85714285716,8988.0
2021-06-21,339089.0,7974.0,360101.71428571426,8650.57142857143
2021-06-22,301342.0,6760.0,360391.0,8456.42857142857
2021-06-23,316429.0,7039.0,361915.14285714284,8353.0
2021-06-24,404093.0,8470.0,366178.4285714286,8198.714285714286
2021-06-25,429330.0,8542.0,370525.71428571426,8088.428571428572
2021-06-26,386776.0,8209.0,373603.85714285716,8050.142857142857
2021-06-27,454820.0,9080.0,375982.71428571426,8010.571428571428
2021-06-28,362338.0,7281.0,379304.0,7911.571428571428
2021-06-29,319349.0,6571.0,381876.4285714286,7884.571428571428
2021-06-30,341786.0,6526.0,385498.85714285716,7811.285714285715
2021-07-01,405127.0,8220.0,385646.5714285714,7775.571428571428
2021-07-02,386688.0,8806.0,379554.85714285716,7813.285714285715
2021-07-03,410033.0,7968.0,382877.28571428574,7778.857142857143
2021-07-04,535007.0,8294.0,394332.5714285714,7666.571428571428
2021-07-05,372454.0,7387.0,395777.71428571426,7681.714285714285
2021-07-06,338404.0,6667.0,398499.85714285716,7695.428571428572
2021-07-07,373659.0,7175.0,403053.14285714284,7788.142857142857
2021-07-08,455792.0,8340.0,410291.0,7805.285714285715
2021-07-09,452183.0,8108.0,419647.4285714286,7705.571428571428
2021-07-10,600189.0,8356.0,446812.5714285714,7761.0
2021-07-11,693499.0,8571.0,469454.28571428574,7800.571428571428
2021-07-12,409800.0,7685.0,474789.4285714286,7843.142857142857
2021-07-13,383604.0,7789.0,481246.5714285714,8003.428571428572
2021-07-14,441816.0,7384.0,490983.28571428574,8033.285714285715
2021-07-15,497191.0,8133.0,496897.4285714286,8003.714285714285
2021-07-16,518953.0,8462.0,506436.0,8054.285714285715
2021-07-17,513398.0,8228.0,494037.28571428574,8036.0
2021-07-18,842386.0,8629.0,515306.85714285716,8044.285714285715
2021-07-19,425710.0,7524.0,517579.71428571426,8021.285714285715
2021-07-20,410386.0,7191.0,521405.71428571426,7935.857142857143
2021-07-21,452730.0,19923.0,522964.85714285716,9727.142857142857
2021-07-22,477230.0,8267.0,520113.28571428574,9746.285714285714
2021-07-23,504667.0,8598.0,518072.4285714286,9765.714285714286
2021-07-24,514443.0,8819.0,518221.71428571426,9850.142857142857
2021-07-25,971939.0,9311.0,536729.2857142857,9947.57142857143
2021-07-26,454513.0,8600.0,540844.0,10101.285714285714
2021-07-27,440893.0,8705.0,545202.1428571428,10317.57142857143
2021-07-28,533141.0,8578.0,556689.4285714285,8696.857142857143
2021-07-29,589951.0,10110.0,572792.4285714285,8960.142857142857
2021-07-30,596050.0,9692.0,585847.1428571428,9116.42857142857
2021-07-31,579958.0,9418.0,595206.4285714285,9202.0
2021-08-01,949544.0,9990.0,592007.1428571428,9299.0
2021-08-02,499520.0,8985.0,598436.7142857143,9354.0
2021-08-03,485207.0,9069.0,604767.2857142857,9406.0
2021-08-04,571064.0,9226.0,610184.8571428572,9498.57142857143
2021-08-05,612522.0,10038.0,613409.2857142857,9488.285714285714
2021-08-06,668937.0,10470.0,623821.7142857143,9599.42857142857
2021-08-07,625286.0,10035.0,630297.1428571428,9687.57142857143
2021-08-08,959374.0,11089.0,631701.4285714285,9844.57142857143
2021-08-09,552159.0,9817.0,639221.2857142857,9963.42857142857
2021-08-10,506965.0,8925.0,642329.5714285715,9942.857142857143
2021-08-11,563949.0,9109.0,641313.1428571428,9926.142857142857
2021-08-12,631968.0,10290.0,644091.1428571428,9962.142857142857
2021-08-13,654238.0,10067.0,641991.2857142857,9904.57142857143
2021-08-14,654326.0,9953.0,646139.8571428572,9892.857142857143
2021-08-15,956339.0,11536.0,645706.2857142857,9956.714285714286
2021-08-16,549309.0,9897.0,645299.1428571428,9968.142857142857
2021-08-17,519488.0,8477.0,647088.1428571428,9904.142857142857
2021-08-18,580942.0,9085.0,649515.7142857143,9900.714285714286
2021-08-19,679796.0,10744.0,656348.2857142857,9965.57142857143
2021-08-20,670827.0,10777.0,658718.1428571428,10067.0
2021-08-21,651735.0,9865.0,658348.0,10054.42857142857
2021-08-22,946986.0,12585.0,657011.8571428572,10204.285714285714
2021-08-23,532180.0,9822.0,654564.8571428572,10193.57142857143
2021-08-24,521323.0,8482.0,654827.0,10194.285714285714
2021-08-25,588224.0,9707.0,655867.2857142857,10283.142857142857
2021-08-26,660488.0,10689.0,653109.0,10275.285714285714
2021-08-27,660420.0,9972.0,651622.2857142857,10160.285714285714
2021-08-28,664645.0,9986.0,653466.5714285715,10177.57142857143
2021-08-29,941572.0,12183.0,652693.1428571428,10120.142857142857
2021-08-30,539337.0,8910.0,653715.5714285715,9989.857142857143
2021-08-31,488649.0,8791.0,649047.8571428572,10034.0
2021-09-01,552003.0,9163.0,643873.4285714285,9956.285714285714
2021-09-02,635095.0,9723.0,640245.8571428572,9818.285714285714
2021-09-03,647491.0,9882.0,638398.8571428572,9805.42857142857
2021-09-04,622102.0,9620.0,632321.2857142857,9753.142857142857
2021-09-05,875212.0,11784.0,622841.2857142857,9696.142857142857
2021-09-06,503495.0,9064.0,617721.0,9718.142857142857
2021-09-07,476546.0,8088.0,615992.0,9617.714285714286
2021-09-08,512623.0,8335.0,610366.2857142857,9499.42857142857
2021-09-09,517429.0,8294.0,593556.8571428572,9295.285714285714
2021-09-10,552829.0,8310.0,580033.7142857143,9070.714285714286
2021-09-11,583734.0,9259.0,574552.5714285715,9019.142857142857
2021-09-12,784146.0,11258.0,561543.1428571428,8944.0
2021-09-13,464679.0,8807.0,555998.0,8907.285714285714
2021-09-14,440335.0,7131.0,550825.0,8770.57142857143
2021-09-15,476259.0,7463.0,545630.1428571428,8646.0
2021-09-16,527349.0,9111.0,547047.2857142857,8762.714285714286
2021-09-17,516496.0,9252.0,541856.8571428572,8897.285714285714
2021-09-18,535268.0,8175.0,534933.1428571428,8742.42857142857
2021-09-19,725389.0,10941.0,526539.2857142857,8697.142857142857
2021-09-20,558736.0,7696.0,539976.0,8538.42857142857
2021-09-21,401593.0,6258.0,534441.4285714285,8413.714285714286
2021-09-22,431403.0,7225.0,528033.4285714285,8379.714285714286
2021-09-23,471145.0,8472.0,520004.28571428574,8288.42857142857
2021-09-24,495734.0,7755.0,517038.28571428574,8074.571428571428
2021-09-25,477131.0,7646.0,508733.0,7999.0
2021-09-26,672707.0,10369.0,501207.0,7917.285714285715
2021-09-27,379663.0,6373.0,475625.14285714284,7728.285714285715
2021-09-28,344829.0,6258.0,467516.0,7728.285714285715
2021-09-29,417394.0,7163.0,465514.71428571426,7719.428571428572
2021-09-30,441155.0,7905.0,461230.4285714286,7638.428571428572
2021-10-01,440602.0,7593.0,453354.4285714286,7615.285714285715
2021-10-02,439503.0,7035.0,447979.0,7528.0
2021-10-03,647677.0,10073.0,444403.28571428574,7485.714285714285
2021-10-04,336507.0,5675.0,438238.14285714284,7386.0
2021-10-05,323435.0,5017.0,435181.85714285716,7208.714285714285
2021-10-06,390159.0,5887.0,431291.14285714284,7026.428571428572
2021-10-07,417243.0,7329.0,427875.14285714284,6944.142857142857
2021-10-08,424290.0,7173.0,425544.85714285716,6884.142857142857
2021-10-09,403688.0,6608.0,420428.4285714286,6823.142857142857
2021-10-10,661970.0,10673.0,422470.28571428574,6908.857142857143
2021-10-11,322331.0,5163.0,420445.14285714284,6835.714285714285
2021-10-12,312050.0,5315.0,418818.71428571426,6878.285714285715
2021-10-13,375510.0,5662.0,416726.0,6846.142857142857
2021-10-14,392463.0,6587.0,413186.0,6740.142857142857
2021-10-15,391731.0,6517.0,408534.71428571426,6646.428571428572
2021-10-16,400030.0,6220.0,408012.14285714284,6591.0
2021-10-17,689547.0,10625.0,411951.71428571426,6584.142857142857
2021-10-18,314362.0,5244.0,410813.28571428574,6595.714285714285
2021-10-19,308816.0,4734.0,410351.28571428574,6512.714285714285
2021-10-20,383327.0,6695.0,411468.0,6660.285714285715
2021-10-21,401447.0,6557.0,412751.4285714286,6656.0
2021-10-22,401534.0,6643.0,414151.85714285716,6674.0
2021-10-23,394047.0,6363.0,413297.14285714284,6694.428571428572
2021-10-24,802990.0,13117.0,429503.28571428574,7050.428571428572
2021-10-25,296224.0,5209.0,426912.14285714284,7045.428571428572
2021-10-26,280037.0,4702.0,422800.85714285716,7040.857142857143
2021-10-27,393707.0,6070.0,424283.71428571426,6951.571428571428
2021-10-28,421549.0,7659.0,427155.4285714286,7109.0
2021-10-29,408475.0,7031.0,428147.0,7164.428571428572
2021-10-30,430372.0,6511.0,433336.28571428574,7185.571428571428
2021-10-31,897486.0,13706.0,446835.71428571426,7269.714285714285
2021-11-01,294865.0,4788.0,446641.5714285714,7209.571428571428
2021-11-02,286330.0,4601.0,447540.5714285714,7195.142857142857
2021-11-03,412090.0,5970.0,450166.71428571426,7180.857142857143
2021-11-04,393709.0,6523.0,446189.5714285714,7018.571428571428
2021-11-05,405816.0,6133.0,445809.71428571426,6890.285714285715
2021-11-06,402001.0,6197.0,441756.71428571426,6845.428571428572
2021-11-07,985493.0,15005.0,454329.14285714284,7031.0
2021-11-08,305923.0,4889.0,455908.85714285716,7045.428571428572
2021-11-09,304791.0,4581.0,458546.14285714284,7042.571428571428
2021-11-10,450474.0,6103.0,464029.5714285714,7061.571428571428
2021-11-11,426571.0,6513.0,468724.14285714284,7060.142857142857
2021-11-12,425328.0,6282.0,471511.5714285714,7081.428571428572
2021-11-13,387354.0,5971.0,469419.14285714284,7049.142857142857
2021-11-14,1177553.0,16188.0,496856.28571428574,7218.142857142857
2021-11-15,351497.0,5429.0,503366.85714285716,7295.285714285715
2021-11-16,314076.0,4544.0,504693.28571428574,7290.0
2021-11-17,485826.0,6258.0,509743.5714285714,7312.142857142857
2021-11-18,449623.0,6715.0,513036.71428571426,7341.0
2021-11-19,456090.0,6971.0,517431.28571428574,7439.428571428572
2021-11-20,467913.0,8694.0,528939.7142857143,7828.428571428572
2021-11-21,1338363.0,16093.0,551912.5714285715,7814.857142857143
2021-11-22,342128.0,4939.0,550574.1428571428,7744.857142857143
2021-11-23,359595.0,4818.0,557076.8571428572,7784.0
2021-11-24,537630.0,6330.0,564477.4285714285,7794.285714285715
2021-11-25,473340.0,6842.0,567865.5714285715,7812.428571428572
2021-11-26,488810.0,6600.0,572539.8571428572,7759.428571428572
2021-11-27,422628.0,5346.0,566070.5714285715,7281.142857142857
2021-11-28,1423225.0,15308.0,578193.7142857143,7169.0
2021-11-29,350544.0,4818.0,579396.0,7151.714285714285
2021-11-30,354271.0,4789.0,578635.4285714285,7147.571428571428
2021-12-01,466025.0,6663.0,568406.1428571428,7195.142857142857
2021-12-02,502523.0,6848.0,572575.1428571428,7196.0
2021-12-03,514158.0,6963.0,576196.2857142857,7247.857142857143
2021-12-04,504658.0,6239.0,587914.8571428572,7375.428571428572
2021-12-05,1581207.0,17572.0,610483.7142857143,7698.857142857143
2021-12-06,360852.0,4989.0,611956.2857142857,7723.285714285715
2021-12-07,355868.0,4785.0,612184.4285714285,7722.714285714285
2021-12-08,556418.0,6035.0,625097.7142857143,7633.0
2021-12-09,507356.0,6759.0,625788.1428571428,7620.285714285715
2021-12-10,501861.0,6581.0,624031.4285714285,7565.714285714285
2021-12-11,494633.0,5825.0,622599.2857142857,7506.571428571428
2021-12-12,1537022.0,14811.0,616287.1428571428,7112.142857142857
2021-12-13,376295.0,4609.0,618493.2857142857,7057.857142857143
2021-12-14,373011.0,4740.0,620942.2857142857,7051.428571428572
2021-12-15,583810.0,5965.0,624855.4285714285,7041.428571428572
2021-12-16,562624.0,6572.0,632750.8571428572,7014.714285714285
2021-12-17,575877.0,6769.0,643324.5714285715,7041.571428571428
2021-12-18,572090.0,5435.0,654389.8571428572,6985.857142857143
2021-12-19,1659127.0,13262.0,671833.4285714285,6764.571428571428
2021-12-20,422346.0,4269.0,678412.1428571428,6716.0
2021-12-21,455925.0,4794.0,690257.0,6723.714285714285
2021-12-22,721815.0,6189.0,709972.0,6755.714285714285
2021-12-23,704473.0,6812.0,730236.1428571428,6790.0
2021-12-24,757634.0,6359.0,756201.4285714285,6731.428571428572
2021-12-25,776354.0,7203.0,785382.0,6984.0
2021-12-26,2251928.0,10950.0,870067.8571428572,6653.714285714285
2021-12-27,475537.0,3850.0,877666.5714285715,6593.857142857143
2021-12-28,684546.0,4190.0,910326.7142857143,6507.571428571428
2021-12-29,1165129.0,6282.0,973657.2857142857,6520.857142857143
2021-12-30,1157299.0,6932.0,1038346.7142857143,6538.0
2021-12-31,1349829.0,5965.0,1122946.0,6481.714285714285
2022-01-01,1431293.0,5347.0,1216508.7142857143,6216.571428571428
2022-01-02,4205074.0,10125.0,1495529.5714285714,6098.714285714285
2022-01-03,910286.0,3741.0,1557636.5714285714,6083.142857142857
2022-01-04,1183784.0,4001.0,1628956.2857142857,6056.142857142857
2022-01-05,2008468.0,6270.0,1749433.2857142857,6054.428571428572
2022-01-06,2045993.0,7209.0,1876389.5714285714,6094.0
2022-01-07,2018451.0,6169.0,1971907.0,6123.142857142857
2022-01-08,1990432.0,6285.0,2051784.0,6257.142857142857
2022-01-09,6440067.0,11967.0,2371068.714285714,6520.285714285715
2022-01-10,1640220.0,4513.0,2475345.0,6630.571428571428
2022-01-11,1649090.0,5223.0,2541817.285714286,6805.142857142857
2022-01-12,2788293.0,6835.0,2653220.8571428573,6885.857142857143
2022-01-13,2394846.0,8476.0,2703057.0,7066.857142857143
2022-01-14,2496959.0,7122.0,2771415.285714286,7203.0
2022-01-15,2495099.0,6802.0,2843510.5714285714,7276.857142857143
2022-01-16,7197233.0,13372.0,2951677.1428571427,7477.571428571428
2022-01-17,1923026.0,6256.0,2992078.0,7726.571428571428
2022-01-18,1817713.0,5533.0,3016167.0,7770.857142857143
2022-01-19,2861042.0,6658.0,3026559.714285714,7745.571428571428
2022-01-20,2861811.0,8132.0,3093269.0,7696.428571428572
2022-01-21,2917335.0,9073.0,3153322.714285714,7975.142857142857
2022-01-22,2814097.0,8240.0,3198893.8571428573,8180.571428571428
2022-01-23,8346580.0,15843.0,3363086.285714286,8533.57142857143
2022-01-24,2087041.0,6143.0,3386517.0,8517.42857142857
2022-01-25,2060165.0,6650.0,3421153.0,8677.0
2022-01-26,3012699.0,8692.0,3442818.285714286,8967.57142857143
2022-01-27,2614148.0,9616.0,3407437.8571428573,9179.57142857143
2022-01-28,2657960.0,9831.0,3370384.285714286,9287.857142857143
2022-01-29,2590553.0,9335.0,3338449.4285714286,9444.285714285714
2022-01-30,8401961.0,17569.0,3346361.0,9690.857142857143
2022-01-31,1927371.0,7878.0,3323551.0,9938.714285714286
2022-02-01,1746833.0,7036.0,3278789.285714286,9993.857142857143
2022-02-02,2454184.0,10187.0,3199001.4285714286,10207.42857142857
2022-02-03,2292828.0,11660.0,3153098.5714285714,10499.42857142857
2022-02-04,2183458.0,10617.0,3085312.5714285714,10611.714285714286
2022-02-05,2245322.0,10049.0,3035993.8571428573,10713.714285714286
2022-02-06,7078279.0,18447.0,2846896.4285714286,10839.142857142857
2022-02-07,1596559.0,8203.0,2799637.5714285714,10885.57142857143
2022-02-08,1488329.0,7565.0,2762708.4285714286,10961.142857142857
2022-02-09,1954483.0,10474.0,2691322.5714285714,11002.142857142857
2022-02-10,1918808.0,11708.0,2637891.1428571427,11009.0
2022-02-11,1813715.0,10509.0,2585070.714285714,10993.57142857143
2022-02-12,1672963.0,9575.0,2503305.1428571427,10925.857142857143
2022-02-13,5467057.0,18421.0,2273130.5714285714,10922.142857142857
2022-02-14,1281711.0,7026.0,2228152.285714286,10754.0
2022-02-15,1253784.0,6678.0,2194645.8571428573,10627.285714285714
2022-02-16,1552756.0,9417.0,2137256.285714286,10476.285714285714
2022-02-17,1547426.0,10164.0,2084201.7142857143,10255.714285714286
2022-02-18,1516529.0,10152.0,2041746.5714285714,10204.714285714286
2022-02-19,1432321.0,9069.0,2007369.142857143,10132.42857142857
2022-02-20,4287357.0,17109.0,1838840.5714285714,9945.0
2022-02-21,1095707.0,6294.0,1812268.5714285714,9840.42857142857
2022-02-22,1174016.0,6288.0,1800873.142857143,9784.714285714286
2022-02-23,1332982.0,6981.0,1769476.857142857,9436.714285714286
2022-02-24,1376730.0,9579.0,1745091.7142857143,9353.142857142857
2022-02-25,1343077.0,8689.0,1720312.857142857,9144.142857142857
2022-02-26,1253463.0,8462.0,1694761.7142857143,9057.42857142857
2022-02-27,3473895.0,13186.0,1578552.857142857,8497.0
2022-02-28,1097209.0,6715.0,1578767.4285714286,8557.142857142857
2022-03-01,1072779.0,5429.0,1564305.0,8434.42857142857
2022-03-02,1246206.0,7326.0,1551908.4285714286,8483.714285714286
2022-03-03,1321498.0,6756.0,1544018.142857143,8080.428571428572
2022-03-04,1246557.0,7857.0,1530229.5714285714,7961.571428571428
2022-03-05,1234696.0,6318.0,1527548.5714285714,7655.285714285715
2022-03-06,3681307.0,11520.0,1557178.857142857,7417.285714285715
2022-03-07,963738.0,4785.0,1538111.5714285714,7141.571428571428
2022-03-08,1190479.0,4669.0,1554925.857142857,7033.0
2022-03-09,1356670.0,5850.0,1570706.4285714286,6822.142857142857
2022-03-10,1282174.0,6145.0,1565088.7142857143,6734.857142857143
2022-03-11,1327295.0,6589.0,1576622.7142857143,6553.714285714285
2022-03-12,1539411.0,5652.0,1620153.4285714286,6458.571428571428
2022-03-13,4145717.0,10088.0,1686497.7142857143,6254.0
2022-03-14,1156659.0,4223.0,1714057.857142857,6173.714285714285
2022-03-15,1149740.0,3639.0,1708238.0,6026.571428571428
2022-03-16,1616572.0,3902.0,1745366.857142857,5748.285714285715
2022-03-17,1481256.0,5335.0,1773807.142857143,5632.571428571428
2022-03-18,1288018.0,5268.0,1768196.142857143,5443.857142857143
2022-03-19,1432562.0,4910.0,1752932.0,5337.857142857143
2022-03-20,4253675.0,8978.0,1768354.5714285714,5179.285714285715
2022-03-21,982333.0,3661.0,1743450.857142857,5099.0
2022-03-22,1220982.0,14365.0,1753628.2857142857,6631.285714285715
2022-03-23,1181872.0,4151.0,1691528.2857142857,6666.857142857143
2022-03-24,1113875.0,4344.0,1639045.2857142857,6525.285714285715
2022-03-25,1134701.0,4363.0,1617142.857142857,6396.0
2022-03-26,1062165.0,7874.0,1564229.0,6819.428571428572
2022-03-27,4302369.0,7718.0,1571185.2857142857,6639.428571428572
2022-03-28,1015046.0,2787.0,1575858.5714285714,6514.571428571428
2022-03-29,992205.0,2800.0,1543176.142857143,4862.428571428572
2022-03-30,970272.0,3657.0,1512947.5714285714,4791.857142857143
2022-03-31,918896.0,3645.0,1485093.4285714286,4692.0
2022-04-01,889140.0,3936.0,1450013.2857142857,4631.0
2022-04-02,783636.0,3290.0,1410223.4285714286,3976.1428571428573
2022-04-03,3799994.0,6744.0,1338455.5714285714,3837.0
2022-04-04,638052.0,2294.0,1284599.2857142857,3766.5714285714284
2022-04-05,677835.0,2376.0,1239689.2857142857,3706.0
2022-04-06,726791.0,2653.0,1204906.2857142857,3562.5714285714284
2022-04-07,750321.0,2970.0,1180824.142857143,3466.1428571428573
2022-04-08,685176.0,3285.0,1151686.4285714286,3373.1428571428573
2022-04-09,595725.0,2939.0,1124842.0,3323.0
2022-04-10,3126333.0,6357.0,1028604.7142857143,3267.714285714286
2022-04-11,558863.0,2111.0,1017292.0,3241.5714285714284
2022-04-12,500156.0,1786.0,991909.2857142857,3157.285714285714
2022-04-13,571893.0,2362.0,969781.0,3115.714285714286
2022-04-14,463084.0,2700.0,928747.1428571428,3077.1428571428573
2022-04-15,603433.0,2520.0,917069.5714285715,2967.8571428571427
2022-04-16,468416.0,2508.0,898882.5714285715,2906.285714285714
2022-04-17,2531961.0,5218.0,813972.2857142857,2743.5714285714284
2022-04-18,405384.0,1739.0,792046.7142857143,2690.4285714285716
2022-04-19,331436.0,1441.0,767943.8571428572,2641.1428571428573
2022-04-20,390164.0,1949.0,741982.5714285715,2582.1428571428573
2022-04-21,502366.0,2238.0,747594.2857142857,2516.1428571428573
2022-04-22,477581.0,2400.0,729615.4285714285,2499.0
2022-04-23,403759.0,2266.0,720378.7142857143,2464.4285714285716
2022-04-24,2192563.0,4801.0,671893.2857142857,2404.8571428571427
2022-04-25,317835.0,1487.0,659386.2857142857,2368.8571428571427
2022-04-26,332264.0,2722.0,659504.5714285715,2551.8571428571427
2022-04-27,352739.0,1583.0,654158.1428571428,2499.5714285714284
2022-04-28,428276.0,2061.0,643573.8571428572,2474.285714285714
2022-04-29,387244.0,2182.0,630668.5714285715,2443.1428571428573
2022-04-30,335928.0,1635.0,620978.4285714285,2353.0
2022-05-01,1844630.0,4594.0,571273.7142857143,2323.4285714285716
2022-05-02,263544.0,1403.0,563517.8571428572,2311.4285714285716
2022-05-03,245411.0,1101.0,551110.2857142857,2079.8571428571427
2022-05-04,326700.0,1266.0,547390.4285714285,2034.5714285714287
2022-05-05,346241.0,1880.0,535671.1428571428,2008.7142857142858
2022-05-06,366716.0,1930.0,532738.5714285715,1972.7142857142858
2022-05-07,375763.0,1471.0,538429.2857142857,1949.2857142857142
2022-05-08,1694765.0,3855.0,517020.0,1843.7142857142858
2022-05-09,282345.0,1092.0,519705.85714285716,1799.2857142857142
2022-05-10,282568.0,821.0,525014.0,1759.2857142857142
2022-05-11,414794.0,1225.0,537598.8571428572,1753.4285714285713
2022-05-12,423415.0,1648.0,548623.7142857143,1720.2857142857142
2022-05-13,434254.0,1582.0,558272.0,1670.5714285714287
2022-05-14,386131.0,1338.0,559753.1428571428,1651.5714285714287
2022-05-15,1740697.0,3495.0,566314.8571428572,1600.142857142857
2022-05-16,278073.0,1034.0,565704.5714285715,1591.857142857143
2022-05-17,270178.0,830.0,563934.5714285715,1593.142857142857
2022-05-18,431297.0,1267.0,566292.1428571428,1599.142857142857
2022-05-19,452402.0,1516.0,570433.1428571428,1580.2857142857142
2022-05-20,435525.0,1430.0,570614.7142857143,1558.5714285714287
2022-05-21,380733.0,1130.0,569843.5714285715,1528.857142857143
2022-05-22,1533908.0,3173.0,540302.2857142857,1482.857142857143
2022-05-23,252703.0,859.0,536678.0,1457.857142857143
2022-05-24,276935.0,819.0,537643.2857142857,1456.2857142857142
2022-05-25,380977.0,1273.0,530454.7142857143,1457.142857142857
2022-05-26,417396.0,1582.0,525453.8571428572,1466.5714285714287
2022-05-27,404284.0,1616.0,520990.85714285716,1493.142857142857
2022-05-28,374238.0,1317.0,520063.0,1519.857142857143
2022-05-29,1280479.0,2873.0,483858.85714285716,1477.0
2022-05-30,241603.0,905.0,482273.14285714284,1483.5714285714287
2022-05-31,232026.0,683.0,475857.5714285714,1464.142857142857
2022-06-01,309066.0,837.0,465584.5714285714,1401.857142857143
2022-06-02,430203.0,1312.0,467414.14285714284,1363.2857142857142
2022-06-03,392226.0,1384.0,465691.5714285714,1330.142857142857
2022-06-04,332493.0,1192.0,459728.0,1312.2857142857142
2022-06-05,1321484.0,2707.0,465585.85714285716,1288.5714285714287
2022-06-06,216422.0,718.0,461988.5714285714,1261.857142857143
2022-06-07,243785.0,744.0,463668.4285714286,1270.5714285714287
2022-06-08,382521.0,1069.0,474162.0,1303.7142857142858
2022-06-09,448072.0,1478.0,476714.71428571426,1327.4285714285713
2022-06-10,416792.0,1665.0,480224.14285714284,1367.5714285714287
2022-06-11,404932.0,1118.0,490572.5714285714,1357.0
2022-06-12,1410767.0,2637.0,503327.28571428574,1347.0
2022-06-13,229789.0,775.0,505236.85714285716,1355.142857142857
2022-06-14,242197.0,663.0,505010.0,1343.5714285714287
2022-06-15,390539.0,1033.0,506155.4285714286,1338.4285714285713
2022-06-16,422174.0,1169.0,502455.71428571426,1294.2857142857142
2022-06-17,457475.0,1531.0,508267.5714285714,1275.142857142857
2022-06-18,409783.0,1166.0,508960.5714285714,1282.0
2022-06-19,1618709.0,2788.0,538666.5714285715,1303.5714285714287
2022-06-20,256360.0,844.0,542462.4285714285,1313.4285714285713
2022-06-21,257319.0,763.0,544622.7142857143,1327.7142857142858
2022-06-22,410532.0,933.0,547478.8571428572,1313.4285714285713
2022-06-23,527310.0,1439.0,562498.2857142857,1352.0
2022-06-24,511398.0,1514.0,570201.5714285715,1349.5714285714287
2022-06-25,505838.0,1705.0,583923.7142857143,1426.5714285714287
2022-06-26,2123511.0,3280.0,656038.2857142857,1496.857142857143
2022-06-27,326068.0,934.0,665996.5714285715,1509.7142857142858
2022-06-28,311382.0,847.0,673719.8571428572,1521.7142857142858
2022-06-29,485660.0,1066.0,684452.4285714285,1540.7142857142858
2022-06-30,621631.0,1617.0,697926.8571428572,1566.142857142857
2022-07-01,590413.0,1523.0,709214.7142857143,1567.4285714285713
2022-07-02,609286.0,1884.0,723993.0,1593.0
2022-07-03,2337628.0,3463.0,754581.1428571428,1619.142857142857
2022-07-04,635588.0,1106.0,798798.2857142857,1643.7142857142858
2022-07-05,335780.0,804.0,802283.7142857143,1637.5714285714287
2022-07-06,570019.0,1044.0,814335.0,1634.4285714285713
2022-07-07,679990.0,1620.0,822672.0,1634.857142857143
2022-07-08,683904.0,1898.0,836027.8571428572,1688.4285714285713
2022-07-09,694007.0,1913.0,848130.8571428572,1692.5714285714287
2022-07-10,2742675.0,4059.0,905994.7142857143,1777.7142857142858
2022-07-11,742526.0,1302.0,921271.5714285715,1805.7142857142858
2022-07-12,421890.0,946.0,933573.0,1826.0
2022-07-13,725310.0,1437.0,955757.4285714285,1882.142857142857
2022-07-14,778294.0,1889.0,969800.8571428572,1920.5714285714287
2022-07-15,772931.0,2047.0,982519.0,1941.857142857143
2022-07-16,794967.0,2135.0,996941.8571428572,1973.5714285714287
2022-07-17,2742690.0,4934.0,996944.0,2098.5714285714284
2022-07-18,835866.0,1429.0,1010278.2857142857,2116.714285714286
2022-07-19,463208.0,1168.0,1016180.8571428572,2148.4285714285716
2022-07-20,732641.0,1611.0,1017228.1428571428,2173.285714285714
2022-07-21,811111.0,2194.0,1021916.2857142857,2216.8571428571427
2022-07-22,831863.0,2274.0,1030335.1428571428,2249.285714285714
2022-07-23,864363.0,2441.0,1040248.8571428572,2293.0
2022-07-24,2634670.0,5283.0,1024817.4285714285,2342.8571428571427
2022-07-25,914180.0,1874.0,1036005.1428571428,2406.4285714285716
2022-07-26,555930.0,1375.0,1049251.142857143,2436.0
2022-07-27,797017.0,1812.0,1058447.7142857143,2464.714285714286
2022-07-28,831345.0,2228.0,1061338.2857142857,2469.5714285714284
2022-07-29,849647.0,2257.0,1063878.857142857,2467.1428571428573
2022-07-30,856520.0,2710.0,1062758.4285714286,2505.5714285714284
2022-07-31,2400069.0,5522.0,1029244.0,2539.714285714286
2022-08-01,794964.0,1476.0,1012213.1428571428,2482.8571428571427
2022-08-02,539286.0,1295.0,1009835.4285714285,2471.4285714285716
2022-08-03,783006.0,1953.0,1007833.8571428572,2491.5714285714284
2022-08-04,822725.0,2348.0,1006602.4285714285,2508.714285714286
2022-08-05,1225442.0,2349.0,1060287.4285714286,2521.8571428571427
2022-08-06,823903.0,2594.0,1055627.857142857,2505.285714285714
2022-08-07,1956210.0,5067.0,992219.4285714285,2440.285714285714
2022-08-08,707937.0,1515.0,979787.0,2445.8571428571427
2022-08-09,535941.0,1410.0,979309.1428571428,2462.285714285714
2022-08-10,739038.0,1948.0,973028.0,2461.5714285714284
2022-08-11,777856.0,2453.0,966618.1428571428,2476.5714285714284
2022-08-12,796156.0,2531.0,905291.5714285715,2502.5714285714284
2022-08-13,751419.0,2680.0,894936.7142857143,2514.8571428571427
2022-08-14,1444421.0,4728.0,821824.0,2466.4285714285716
2022-08-15,612991.0,1511.0,808260.2857142857,2465.8571428571427
2022-08-16,424409.0,1249.0,792327.1428571428,2442.8571428571427
2022-08-17,687492.0,1950.0,784963.4285714285,2443.1428571428573
2022-08-18,775325.0,2306.0,784601.8571428572,2422.1428571428573
2022-08-19,776075.0,2247.0,781733.1428571428,2381.5714285714284
2022-08-20,779482.0,2694.0,785742.1428571428,2383.5714285714284
2022-08-21,1330562.0,3998.0,769476.5714285715,2279.285714285714
2022-08-22,595698.0,1428.0,767006.1428571428,2267.4285714285716
2022-08-23,527653.0,1342.0,781755.2857142857,2280.714285714286
2022-08-24,651689.0,1862.0,776640.5714285715,2268.1428571428573
2022-08-25,708962.0,2181.0,767160.1428571428,2250.285714285714
2022-08-26,700147.0,2357.0,756313.2857142857,2266.0
2022-08-27,641145.0,2190.0,736550.8571428572,2194.0
2022-08-28,940492.0,3804.0,680826.5714285715,2166.285714285714
2022-08-29,651257.0,1314.0,688763.5714285715,2150.0
2022-08-30,416570.0,1266.0,672894.5714285715,2139.1428571428573
2022-08-31,552381.0,1726.0,658707.7142857143,2119.714285714286
2022-09-01,593939.0,2075.0,642275.8571428572,2104.5714285714284
2022-09-02,586843.0,2136.0,626089.5714285715,2073.0
2022-09-03,542713.0,2201.0,612027.8571428572,2074.5714285714284
2022-09-04,946185.0,3240.0,612841.1428571428,1994.0
2022-09-05,395763.0,1226.0,576342.0,1981.4285714285713
2022-09-06,356497.0,1146.0,567760.1428571428,1964.2857142857142
2022-09-07,406113.0,1207.0,546864.7142857143,1890.142857142857
2022-09-08,531520.0,1721.0,537947.7142857143,1839.5714285714287
2022-09-09,473172.0,1734.0,521709.0,1782.142857142857
2022-09-10,351052.0,1819.0,494328.85714285716,1727.5714285714287
2022-09-11,755281.0,2666.0,467056.85714285716,1645.5714285714287
2022-09-12,536203.0,983.0,487119.71428571426,1610.857142857143
2022-09-13,289131.0,923.0,477496.0,1579.0
2022-09-14,450789.0,1270.0,483878.28571428574,1588.0
2022-09-15,446141.0,1563.0,471681.28571428574,1565.4285714285713
2022-09-16,445033.0,1793.0,467661.4285714286,1573.857142857143
2022-09-17,367825.0,1910.0,470057.5714285714,1586.857142857143
2022-09-18,860687.0,2369.0,485115.5714285714,1544.4285714285713
2022-09-19,449135.0,779.0,472677.28571428574,1515.2857142857142
2022-09-20,262324.0,746.0,468847.71428571426,1490.0
2022-09-21,359677.0,1103.0,455831.71428571426,1466.142857142857
2022-09-22,335898.0,1461.0,440082.71428571426,1451.5714285714287
2022-09-23,397288.0,1583.0,433262.0,1421.5714285714287
2022-09-24,409121.0,1870.0,439161.4285714286,1415.857142857143
2022-09-25,1004966.0,2419.0,459772.71428571426,1423.0
2022-09-26,268315.0,928.0,433941.28571428574,1444.2857142857142
2022-09-27,259089.0,672.0,433479.14285714284,1433.7142857142858
2022-09-28,301485.0,1037.0,425166.0,1424.2857142857142
2022-09-29,359719.0,1310.0,428569.0,1402.7142857142858
2022-09-30,362502.0,1929.0,423599.5714285714,1452.142857142857
2022-10-01,423613.0,1553.0,425669.85714285716,1406.857142857143
2022-10-02,1256132.0,2887.0,461550.71428571426,1473.7142857142858
2022-10-03,218215.0,1053.0,454393.5714285714,1491.5714285714287
2022-10-04,186872.0,768.0,444076.85714285716,1505.2857142857142
2022-10-05,341029.0,1027.0,449726.0,1503.857142857143
2022-10-06,330107.0,1363.0,445495.71428571426,1511.4285714285713
2022-10-07,326135.0,1663.0,440300.4285714286,1473.4285714285713
2022-10-08,376746.0,1894.0,433605.14285714284,1522.142857142857
2022-10-09,1439629.0,3415.0,459819.0,1597.5714285714287
2022-10-10,216243.0,876.0,459537.28571428574,1572.2857142857142
2022-10-11,185548.0,799.0,459348.14285714284,1576.7142857142858
2022-10-12,323197.0,1037.0,456800.71428571426,1578.142857142857
2022-10-13,322595.0,1264.0,455727.5714285714,1564.0
2022-10-14,321473.0,1418.0,455061.5714285714,1529.0
2022-10-15,329839.0,1923.0,448360.5714285714,1533.142857142857
2022-10-16,1476817.0,3654.0,453673.14285714284,1567.2857142857142
2022-10-17,215976.0,698.0,453635.0,1541.857142857143
2022-10-18,198748.0,775.0,455520.71428571426,1538.4285714285713
2022-10-19,311635.0,1182.0,453869.0,1559.142857142857
2022-10-20,283211.0,1382.0,448242.71428571426,1576.0
2022-10-21,226168.0,883.0,434627.71428571426,1499.5714285714287
2022-10-22,423554.0,3287.0,448015.5714285714,1694.4285714285713
2022-10-23,1238442.0,3540.0,413962.0,1678.142857142857
2022-10-24,175268.0,798.0,408146.5714285714,1692.4285714285713
2022-10-25,190076.0,541.0,406907.71428571426,1659.0
2022-10-26,257077.0,992.0,399113.71428571426,1631.857142857143
2022-10-27,231017.0,886.0,391657.4285714286,1561.0
2022-10-28,474683.0,3944.0,427159.5714285714,1998.2857142857142
2022-10-29,282930.0,1151.0,407070.4285714286,1693.142857142857
2022-10-30,923426.0,3140.0,362068.14285714284,1636.0
2022-10-31,175447.0,803.0,362093.71428571426,1636.7142857142858
2022-11-01,207399.0,625.0,364568.4285714286,1648.7142857142858
2022-11-02,260399.0,2135.0,365043.0,1812.0
2022-11-03,225137.0,770.0,364203.0,1795.4285714285713
2022-11-04,482803.0,3180.0,365363.0,1686.2857142857142
2022-11-05,256625.0,1113.0,361605.14285714284,1680.857142857143
2022-11-06,726918.0,2577.0,333532.5714285714,1600.4285714285713
2022-11-07,193736.0,803.0,336145.28571428574,1600.4285714285713
2022-11-08,248401.0,566.0,342002.71428571426,1592.0
2022-11-09,190499.0,826.0,332017.0,1405.0
2022-11-10,270964.0,929.0,338563.71428571426,1427.7142857142858
2022-11-11,542145.0,3078.0,347041.14285714284,1413.142857142857
2022-11-12,344017.0,1059.0,359525.71428571426,1405.4285714285713
2022-11-13,699422.0,2523.0,355597.71428571426,1397.7142857142858
2022-11-14,226904.0,657.0,360336.0,1376.857142857143
2022-11-15,280646.0,680.0,364942.4285714286,1393.142857142857
2022-11-16,309667.0,726.0,381966.4285714286,1378.857142857143
2022-11-17,274329.0,783.0,382447.14285714284,1358.0
2022-11-18,463926.0,2963.0,371273.0,1341.5714285714287
2022-11-19,384460.0,1033.0,377050.5714285714,1337.857142857143
2022-11-20,742872.0,2521.0,383257.71428571426,1337.5714285714287
2022-11-21,250603.0,687.0,386643.28571428574,1341.857142857143
2022-11-22,278291.0,619.0,386306.85714285716,1333.142857142857
2022-11-23,354410.0,777.0,392698.71428571426,1340.4285714285713
2022-11-24,257273.0,925.0,390262.14285714284,1360.7142857142858
2022-11-25,505335.0,3568.0,396177.71428571426,1447.142857142857
2022-11-26,453775.0,1075.0,406079.85714285716,1453.142857142857
2022-11-27,877940.0,2565.0,425375.28571428574,1459.4285714285713
2022-11-28,263873.0,741.0,427271.0,1467.142857142857
2022-11-29,305748.0,837.0,431193.4285714286,1498.2857142857142
2022-11-30,358261.0,883.0,431743.5714285714,1513.4285714285713
2022-12-01,346686.0,825.0,444516.85714285716,1499.142857142857
2022-12-02,639608.0,2683.0,463698.71428571426,1372.7142857142858
2022-12-03,335306.0,1269.0,446774.5714285714,1400.4285714285713
2022-12-04,987527.0,2897.0,462429.85714285716,1447.857142857143
2022-12-05,301979.0,881.0,467873.5714285714,1467.857142857143
2022-12-06,307208.0,827.0,468082.14285714284,1466.4285714285713
2022-12-07,387611.0,1092.0,472275.0,1496.2857142857142
2022-12-08,422874.0,1116.0,483159.0,1537.857142857143
2022-12-09,832899.0,4228.0,510772.0,1758.5714285714287
2022-12-10,798193.0,1352.0,576898.7142857143,1770.4285714285713
2022-12-11,1564403.0,3312.0,659309.5714285715,1829.7142857142858
2022-12-12,1070966.0,1047.0,769164.8571428572,1853.4285714285713
2022-12-13,1228365.0,1011.0,900758.7142857143,1879.7142857142858
2022-12-14,1478671.0,1344.0,1056624.4285714286,1915.7142857142858
2022-12-15,1564019.0,1074.0,1219645.142857143,1909.7142857142858
2022-12-16,2667072.0,4259.0,1481669.857142857,1914.142857142857
2022-12-17,2696967.0,1698.0,1752923.2857142857,1963.5714285714287
2022-12-18,4271456.0,4266.0,2139645.1428571427,2099.8571428571427
2022-12-19,4364831.0,1435.0,2610197.285714286,2155.285714285714
2022-12-20,5444146.0,1415.0,3212451.714285714,2213.0
2022-12-21,6336742.0,1811.0,3906461.8571428573,2279.714285714286
2022-12-22,6843176.0,2050.0,4660627.142857143,2419.1428571428573
2022-12-23,7852910.0,5095.0,5401461.142857143,2538.5714285714284
2022-12-24,6727761.0,2712.0,5977288.857142857,2683.4285714285716
2022-12-25,6666659.0,5797.0,6319460.714285715,2902.1428571428573
2022-12-26,4942860.0,2527.0,6402036.285714285,3058.1428571428573
2022-12-27,4866848.0,2009.0,6319565.142857143,3143.0
2022-12-28,4812477.0,3167.0,6101813.0,3336.714285714286
2022-12-29,3730494.0,3555.0,5657144.142857143,3551.714285714286
2022-12-30,3708599.0,6662.0,5065099.714285715,3775.5714285714284
2022-12-31,2783467.0,5556.0,4501629.142857143,4181.857142857143
2023-01-01,2887956.0,8179.0,3961814.4285714286,4522.142857142857
2023-01-02,1837590.0,5218.0,3518204.4285714286,4906.571428571428
2023-01-03,1470316.0,5168.0,3032985.5714285714,5357.857142857143
2023-01-04,1633609.0,5568.0,2578861.5714285714,5700.857142857143
2023-01-05,1508041.0,4899.0,2261368.285714286,5892.857142857143
2023-01-06,1850775.0,7320.0,1995964.857142857,5986.857142857143
2023-01-07,1273749.0,5332.0,1780290.857142857,5954.857142857143
2023-01-08,1383462.0,7570.0,1565363.142857143,5867.857142857143
2023-01-09,881575.0,4510.0,1428789.5714285714,5766.714285714285
2023-01-10,598638.0,4304.0,1304264.142857143,5643.285714285715
2023-01-11,618467.0,3904.0,1159243.857142857,5405.571428571428
2023-01-12,640394.0,3465.0,1035294.2857142857,5200.714285714285
2023-01-13,1023267.0,7613.0,917078.8571428572,5242.571428571428
2023-01-14,495337.0,4093.0,805877.1428571428,5065.571428571428
2023-01-15,629228.0,4656.0,698129.4285714285,4649.285714285715
2023-01-16,370260.0,2762.0,625084.4285714285,4399.571428571428
2023-01-17,237844.0,2518.0,573542.4285714285,4144.428571428572
2023-01-18,352794.0,2470.0,535589.1428571428,3939.5714285714284
2023-01-19,325724.0,2351.0,490636.28571428574,3780.4285714285716
2023-01-20,582803.0,5941.0,427712.85714285716,3541.5714285714284
2023-01-21,273777.0,2609.0,396061.4285714286,3329.5714285714284
2023-01-22,371662.0,3400.0,359266.28571428574,3150.1428571428573
2023-01-23,170064.0,859.0,330666.85714285716,2878.285714285714
2023-01-24,107807.0,818.0,312090.14285714284,2635.4285714285716
2023-01-25,177453.0,3204.0,287041.4285714286,2740.285714285714
2023-01-26,191300.0,895.0,267838.0,2532.285714285714
2023-01-27,459321.0,4741.0,250197.7142857143,2360.8571428571427
2023-01-28,163104.0,1086.0,234387.2857142857,2143.285714285714
2023-01-29,290451.0,2000.0,222785.7142857143,1943.2857142857142
2023-01-30,134989.0,711.0,217775.0,1922.142857142857
2023-01-31,66298.0,784.0,211845.14285714287,1917.2857142857142
2023-02-01,176142.0,4357.0,211657.85714285713,2082.0
2023-02-02,130051.0,1077.0,202908.0,2108.0
2023-02-03,432644.0,4330.0,199097.0,2049.285714285714
2023-02-04,178347.0,1294.0,201274.57142857142,2079.0
2023-02-05,267053.0,1734.0,197932.0,2041.0
2023-02-06,107683.0,632.0,194031.14285714287,2029.7142857142858
2023-02-07,83529.0,587.0,196492.7142857143,2001.5714285714287
2023-02-08,134359.0,1604.0,190523.7142857143,1608.2857142857142
2023-02-09,133907.0,657.0,191074.57142857142,1548.2857142857142
2023-02-10,407557.0,4066.0,187490.7142857143,1510.5714285714287
2023-02-11,124726.0,930.0,179830.57142857142,1458.5714285714287
2023-02-12,255726.0,1556.0,178212.42857142858,1433.142857142857
2023-02-13,90200.0,478.0,175714.85714285713,1411.142857142857
2023-02-14,71703.0,586.0,174025.42857142858,1411.0
2023-02-15,135051.0,752.0,174124.2857142857,1289.2857142857142
2023-02-16,108706.0,465.0,170524.14285714287,1261.857142857143
2023-02-17,357760.0,3466.0,163410.2857142857,1176.142857142857
2023-02-18,99294.0,1109.0,159777.14285714287,1201.7142857142858
2023-02-19,283048.0,1622.0,163680.2857142857,1211.142857142857
2023-02-20,98137.0,423.0,164814.14285714287,1203.2857142857142
2023-02-21,65796.0,490.0,163970.2857142857,1189.5714285714287
2023-02-22,99438.0,482.0,158882.7142857143,1151.0
2023-02-23,97543.0,354.0,157288.0,1135.142857142857
2023-02-24,93925.0,709.0,119597.28571428571,741.2857142857143
2023-02-25,352416.0,3685.0,155757.57142857142,1109.2857142857142
2023-02-26,265639.0,1634.0,153270.57142857142,1111.0
2023-02-27,123567.0,428.0,156903.42857142858,1111.7142857142858
2023-02-28,57302.0,436.0,155690.0,1104.0
2023-03-01,99346.0,480.0,155676.85714285713,1103.7142857142858
2023-03-02,100280.0,454.0,156067.85714285713,1118.0
2023-03-03,101783.0,696.0,157190.42857142858,1116.142857142857
2023-03-04,306408.0,2990.0,150617.85714285713,1016.8571428571429
2023-03-05,239790.0,1496.0,146925.14285714287,997.1428571428571
2023-03-06,149067.0,448.0,150568.0,1000.0
2023-03-07,58172.0,412.0,150692.2857142857,996.5714285714286
2023-03-08,86656.0,453.0,148879.42857142858,992.7142857142857
2023-03-09,82822.0,364.0,146385.42857142858,979.8571428571429
2023-03-10,77214.0,564.0,142875.57142857142,961.0
2023-03-11,248584.0,2600.0,134615.0,905.2857142857143
2023-03-12,214896.0,1466.0,131058.71428571429,901.0
2023-03-13,159896.0,733.0,132605.7142857143,941.7142857142857
2023-03-14,57318.0,455.0,132483.7142857143,947.8571428571429
2023-03-15,83265.0,394.0,131999.2857142857,939.4285714285714
2023-03-16,80751.0,429.0,131703.42857142858,948.7142857142857
2023-03-17,68009.0,471.0,130388.42857142857,935.4285714285714
2023-03-18,208941.0,2472.0,124725.14285714286,917.1428571428571
2023-03-19,221070.0,1616.0,125607.14285714286,938.5714285714286
2023-03-20,153601.0,753.0,124707.85714285714,941.4285714285714
2023-03-21,53703.0,380.0,124191.42857142857,930.7142857142857
2023-03-22,67753.0,447.0,121975.42857142857,938.2857142857143
2023-03-23,64960.0,425.0,119719.57142857143,937.7142857142857
2023-03-24,62839.0,346.0,118981.0,919.8571428571429
2023-03-25,225816.0,2786.0,121391.71428571429,964.7142857142857
2023-03-26,204468.0,1560.0,119020.0,956.7142857142857
2023-03-27,95708.0,466.0,110749.57142857143,915.7142857142857
2023-03-28,44791.0,345.0,109476.42857142857,910.7142857142857
2023-03-29,62717.0,328.0,108757.0,893.7142857142857
2023-03-30,114281.0,690.0,115802.85714285714,931.5714285714286
2023-03-31,49935.0,446.0,113959.42857142857,945.8571428571429
2023-04-01,233684.0,2254.0,115083.42857142857,869.8571428571429
2023-04-02,198425.0,1487.0,114220.14285714286,859.4285714285714
2023-04-03,106539.0,374.0,115767.42857142857,846.2857142857143
2023-04-04,35455.0,230.0,114433.71428571429,829.8571428571429
2023-04-05,54195.0,289.0,113216.28571428571,824.2857142857143
2023-04-06,54352.0,365.0,104655.0,777.8571428571429
2023-04-07,49716.0,244.0,104623.71428571429,749.0
2023-04-08,48161.0,334.0,78120.42857142857,474.7142857142857
2023-04-09,352663.0,4000.0,100154.42857142857,833.7142857142857
2023-04-10,93569.0,385.0,98301.57142857143,835.2857142857143
2023-04-11,37040.0,237.0,98528.0,836.2857142857143
2023-04-12,51730.0,356.0,98175.85714285714,845.8571428571429
2023-04-13,58926.0,299.0,98829.28571428571,836.4285714285714
2023-04-14,56610.0,299.0,99814.14285714286,844.2857142857143
2023-04-15,53586.0,354.0,100589.14285714286,847.1428571428571
2023-04-16,343367.0,3325.0,99261.14285714286,750.7142857142857
2023-04-17,112993.0,403.0,102036.0,753.2857142857143
2023-04-18,44704.0,263.0,103130.85714285714,757.0
2023-04-19,62702.0,285.0,104698.28571428571,746.8571428571429
2023-04-20,62962.0,353.0,105274.85714285714,754.5714285714286
2023-04-21,60029.0,284.0,105763.28571428571,752.4285714285714
2023-04-22,57513.0,252.0,106324.28571428571,737.8571428571429
2023-04-23,336720.0,3437.0,105374.71428571429,753.8571428571429
2023-04-24,112239.0,423.0,105267.0,756.7142857142857
2023-04-25,41681.0,266.0,104835.14285714286,757.1428571428571
2023-04-26,60253.0,267.0,104485.28571428571,754.5714285714286
2023-04-27,57348.0,272.0,103683.28571428571,743.0
2023-04-28,57305.0,294.0,103294.14285714286,744.4285714285714
2023-04-29,55986.0,279.0,103076.0,748.2857142857143
2023-04-30,299806.0,2950.0,97802.57142857143,678.7142857142857
2023-05-01,105365.0,361.0,96820.57142857143,669.8571428571429
2023-05-02,38906.0,222.0,96424.14285714286,663.5714285714286
2023-05-03,56434.0,245.0,95878.57142857143,660.4285714285714
2023-05-04,60989.0,266.0,96398.71428571429,659.5714285714286
2023-05-05,52248.0,253.0,95676.28571428571,653.7142857142857
2023-05-06,40466.0,262.0,93459.14285714286,651.2857142857143
2023-05-07,255045.0,3114.0,87064.71428571429,674.7142857142857
2023-05-08,124957.0,363.0,89863.57142857143,675.0
2023-05-09,46756.0,208.0,90985.0,673.0
2023-05-10,42421.0,207.0,88983.14285714286,667.5714285714286
2023-05-11,37854.0,207.0,85678.14285714286,659.1428571428571
2023-05-12,39404.0,181.0,83843.28571428571,648.8571428571429
2023-05-13,36268.0,241.0,83243.57142857143,645.8571428571429
2023-05-14,239240.0,3651.0,80985.71428571429,722.5714285714286
2023-05-15,113112.0,349.0,79293.57142857143,720.5714285714286
2023-05-16,33312.0,137.0,77373.0,710.4285714285714
2023-05-17,38225.0,143.0,76773.57142857143,701.2857142857143
2023-05-18,34452.0,171.0,76287.57142857143,696.1428571428571
2023-05-19,30956.0,131.0,75080.71428571429,689.0
2023-05-20,29372.0,213.0,74095.57142857143,685.0
2023-05-21,148122.0,1490.0,61078.71428571428,376.2857142857143
2023-05-22,120319.0,392.0,62108.28571428572,382.42857142857144
2023-05-23,29813.0,139.0,61608.42857142857,382.7142857142857
2023-05-24,34714.0,140.0,61106.857142857145,382.2857142857143
2023-05-25,30147.0,207.0,60491.857142857145,387.42857142857144
2023-05-26,28545.0,88.0,60147.42857142857,381.2857142857143
2023-05-27,27244.0,124.0,59843.42857142857,368.57142857142856
2023-05-28,116866.0,1587.0,55378.28571428572,382.42857142857144
2023-05-29,95617.0,312.0,51849.42857142857,371.0
2023-05-30,38940.0,55.0,53153.28571428572,359.0
2023-05-31,31694.0,85.0,52721.857142857145,351.14285714285717
2023-06-01,33524.0,145.0,53204.28571428572,342.2857142857143
2023-06-02,25989.0,79.0,52839.142857142855,341.0
2023-06-03,12458.0,163.0,50726.857142857145,346.57142857142856
2023-06-04,86332.0,1038.0,46364.857142857145,268.14285714285717
2023-06-05,104465.0,323.0,47628.857142857145,269.7142857142857
2023-06-06,5172.0,78.0,42804.857142857145,273.0
2023-06-07,32600.0,96.0,42934.28571428572,274.57142857142856
2023-06-08,22513.0,101.0,41361.28571428572,268.2857142857143
2023-06-09,25419.0,81.0,41279.857142857145,268.57142857142856
2023-06-10,29591.0,128.0,43727.42857142857,263.57142857142856
2023-06-11,96321.0,1473.0,45154.42857142857,325.7142857142857
2023-06-12,84959.0,212.0,42367.857142857145,309.85714285714283
2023-06-13,8333.0,57.0,42819.42857142857,306.85714285714283
2023-06-14,4642.0,53.0,38825.42857142857,300.7142857142857
2023-06-15,4149.0,68.0,36202.0,296.0
2023-06-16,3882.0,62.0,33125.28571428572,293.2857142857143
2023-06-17,6820.0,737.0,29872.285714285714,380.2857142857143
2023-06-18,56577.0,663.0,24194.571428571428,264.57142857142856
2023-06-19,161013.0,506.0,35059.42857142857,306.57142857142856
2023-06-20,2681.0,40.0,34252.0,304.14285714285717
2023-06-21,3506.0,47.0,34089.71428571428,303.2857142857143
2023-06-22,3096.0,42.0,33939.28571428572,299.57142857142856
2023-06-23,4478.0,40.0,34024.42857142857,296.42857142857144
2023-06-24,4449.0,76.0,33685.71428571428,202.0
2023-06-25,55999.0,945.0,33603.142857142855,242.28571428571428
2023-06-26,153720.0,260.0,32561.285714285714,207.14285714285714
2023-06-27,2396.0,205.0,32520.571428571428,230.71428571428572
2023-06-28,2529.0,35.0,32381.0,229.0
2023-06-29,2418.0,35.0,32284.14285714286,228.0
2023-06-30,2593.0,18.0,32014.85714285714,224.85714285714286
2023-07-01,3336.0,73.0,31855.85714285714,224.42857142857142
2023-07-02,35760.0,512.0,28964.571428571428,162.57142857142858
2023-07-03,158863.0,168.0,29699.285714285714,149.42857142857142
2023-07-04,6032.0,363.0,30218.714285714286,172.0
2023-07-05,1771.0,25.0,30110.428571428572,170.57142857142858
2023-07-06,1773.0,18.0,30018.285714285714,168.14285714285714
2023-07-07,1742.0,25.0,29896.714285714286,169.14285714285714
2023-07-08,2666.0,47.0,29801.0,165.42857142857142
2023-07-09,29574.0,584.0,28917.285714285714,175.71428571428572
2023-07-10,183880.0,142.0,32491.14285714286,172.0
2023-07-11,1557.0,58.0,31851.85714285714,128.42857142857142
2023-07-12,1959.0,33.0,31878.714285714286,129.57142857142858
2023-07-13,1767.0,16.0,31877.85714285714,129.28571428571428
2023-07-14,1777.0,18.0,31882.85714285714,128.28571428571428
2023-07-15,2201.0,50.0,31816.428571428572,128.71428571428572
2023-07-16,25049.0,368.0,31170.0,97.85714285714286
2023-07-17,231288.0,112.0,37942.57142857143,93.57142857142857
2023-07-18,1514.0,174.0,37936.42857142857,110.14285714285714
2023-07-19,2024.0,25.0,37945.71428571428,109.0
2023-07-20,1928.0,24.0,37968.71428571428,110.14285714285714
2023-07-21,1971.0,17.0,37996.42857142857,110.0
2023-07-22,2553.0,23.0,38046.71428571428,106.14285714285714
2023-07-23,29274.0,341.0,38650.28571428572,102.28571428571429
2023-07-24,291205.0,42.0,47209.857142857145,92.28571428571429
2023-07-25,4940.0,265.0,47699.28571428572,105.28571428571429
2023-07-26,2275.0,19.0,47735.142857142855,104.42857142857143
2023-07-27,2159.0,18.0,47768.142857142855,103.57142857142857
2023-07-28,2198.0,28.0,47800.57142857143,105.14285714285714
2023-07-29,2730.0,29.0,47825.857142857145,106.0
2023-07-30,30479.0,472.0,47998.0,124.71428571428571
2023-07-31,343269.0,173.0,55435.71428571428,143.42857142857142
2023-08-01,337747.0,342.0,102979.57142857143,154.42857142857142
2023-08-02,3025.0,237.0,103086.71428571429,185.57142857142858
2023-08-03,2883.0,37.0,103190.14285714286,188.28571428571428
2023-08-04,3126.0,38.0,103322.71428571429,189.71428571428572
2023-08-05,3443.0,38.0,103424.57142857143,191.0
2023-08-06,12560.0,104.0,100864.71428571429,138.42857142857142
2023-08-07,45562.0,154.0,58335.142857142855,135.71428571428572
2023-08-08,70123.0,180.0,20103.14285714286,112.57142857142857
2023-08-09,3290.0,80.0,20141.0,90.14285714285714
2023-08-10,3018.0,28.0,20160.285714285714,88.85714285714286
2023-08-11,3317.0,31.0,20187.571428571428,87.85714285714286
2023-08-12,3746.0,64.0,20230.85714285714,91.57142857142857
2023-08-13,13208.0,105.0,20323.428571428572,91.71428571428571
2023-08-14,311059.0,179.0,58251.57142857143,95.28571428571429
2023-08-15,9358.0,312.0,49570.857142857145,114.14285714285714
2023-08-16,3663.0,36.0,49624.142857142855,107.85714285714286
2023-08-17,2930.0,36.0,49611.57142857143,109.0
2023-08-18,4373.0,55.0,49762.42857142857,112.42857142857143
2023-08-19,5166.0,62.0,49965.28571428572,112.14285714285714
2023-08-20,16602.0,133.0,50450.142857142855,116.14285714285714
2023-08-21,315565.0,183.0,51093.857142857145,116.71428571428571
2023-08-22,9901.0,303.0,51171.42857142857,115.42857142857143
2023-08-23,5717.0,198.0,51464.857142857145,138.57142857142858
2023-08-24,5171.0,45.0,51785.0,139.85714285714286
2023-08-25,4908.0,51.0,51861.42857142857,139.28571428571428
2023-08-26,5610.0,60.0,51924.857142857145,139.0
2023-08-27,21043.0,177.0,52559.28571428572,145.28571428571428
2023-08-28,292566.0,160.0,49273.71428571428,142.0
2023-08-29,10621.0,156.0,49376.57142857143,121.0
2023-08-30,6275.0,48.0,49456.28571428572,99.57142857142857
2023-08-31,5551.0,56.0,49510.57142857143,101.14285714285714
2023-09-01,19199.0,91.0,51552.142857142855,106.85714285714286
2023-09-02,6597.0,140.0,51693.142857142855,118.28571428571429
2023-09-03,24166.0,152.0,52139.28571428572,114.71428571428571
2023-09-04,170073.0,148.0,34640.28571428572,113.0
2023-09-05,13858.0,289.0,35102.71428571428,132.0
2023-09-06,9255.0,49.0,35528.42857142857,132.14285714285714
2023-09-07,7939.0,70.0,35869.57142857143,134.14285714285714
2023-09-08,17497.0,127.0,35626.42857142857,139.28571428571428
2023-09-09,8401.0,54.0,35884.142857142855,127.0
2023-09-10,28396.0,205.0,36488.42857142857,134.57142857142858
2023-09-11,34914.0,134.0,17180.0,132.57142857142858
2023-09-12,17623.0,205.0,17717.85714285714,120.57142857142857
2023-09-13,12386.0,59.0,18165.14285714286,122.0
2023-09-14,9778.0,69.0,18427.85714285714,121.85714285714286
2023-09-15,9313.0,82.0,17258.714285714286,115.42857142857143
2023-09-16,8887.0,69.0,17328.14285714286,117.57142857142857
2023-09-17,34942.0,205.0,18263.285714285714,117.57142857142857
2023-09-18,31906.0,126.0,17833.571428571428,116.42857142857143
2023-09-19,24184.0,144.0,18770.85714285714,107.71428571428571
2023-09-20,12912.0,33.0,18846.0,104.0
2023-09-21,10457.0,26.0,18943.0,97.85714285714286
2023-09-22,11276.0,58.0,19223.428571428572,94.42857142857143
2023-09-23,9733.0,29.0,19344.285714285714,88.71428571428571
2023-09-24,38792.0,126.0,19894.285714285714,77.42857142857143
2023-09-25,37473.0,86.0,20689.571428571428,71.71428571428571
2023-09-26,28426.0,166.0,21295.571428571428,74.85714285714286
2023-09-27,13384.0,30.0,21363.0,74.42857142857143
2023-09-28,10967.0,37.0,21435.85714285714,76.0
2023-09-29,12093.0,67.0,21552.571428571428,77.28571428571429
2023-09-30,10849.0,32.0,21712.0,77.71428571428571
2023-10-01,10823.0,62.0,17716.428571428572,68.57142857142857
2023-10-02,36234.0,74.0,17539.428571428572,66.85714285714286
2023-10-03,28100.0,137.0,17492.85714285714,62.714285714285715
2023-10-04,15251.0,31.0,17759.571428571428,62.857142857142854
2023-10-05,11459.0,16.0,17829.85714285714,59.857142857142854
2023-10-06,11484.0,63.0,17742.85714285714,59.285714285714285
2023-10-07,10112.0,33.0,17637.571428571428,59.42857142857143
2023-10-08,11804.0,65.0,17777.714285714286,59.857142857142854
2023-10-09,34721.0,45.0,17561.571428571428,55.714285714285715
2023-10-10,27459.0,111.0,17470.0,52.0
2023-10-11,12520.0,31.0,17079.85714285714,52.0
2023-10-12,9911.0,26.0,16858.714285714286,53.42857142857143
2023-10-13,2952.0,35.0,15639.857142857143,49.42857142857143
2023-10-14,1177.0,4.0,14363.42857142857,45.285714285714285
2023-10-15,1667.0,55.0,12915.285714285714,43.857142857142854
2023-10-16,0.0,0.0,7955.142857142857,37.42857142857143
2023-10-17,0.0,0.0,4032.4285714285716,21.571428571428573
2023-10-18,0.0,0.0,2243.8571428571427,17.142857142857142
2023-10-19,0.0,0.0,828.0,13.428571428571429
2023-10-20,0.0,0.0,406.2857142857143,8.428571428571429
2023-10-21,0.0,0.0,238.14285714285714,7.857142857142857
2023-10-22,0.0,0.0,0.0,0.0
2023-10-23,0.0,0.0,0.0,0.0
2023-10-24,0.0,0.0,0.0,0.0
